,0,1,2,3,4,5,6,7,8,9,10,11,12,13,14,15,16,17,18,19,20,21,22,23,24,25,26,27,28
0,Shielder,マシュ・キリエライト,"Mashu Kirielite, Mash, Matthew",1,0,"1,261/6,791  4★ ATK: 1,455/8,730","1,854/10,302  4★ HP: 2,060/12,877","10,575","15,619",Takahashi Rie,Takeuchi Takashi,Earth,Linear,99,9.9%,0.84%,3%,24.5%,Lawful・Good,Female,"Demi-servant, Female, Humanoid, Living Human, Riding, Servant, Weak to Enuma Elish",QAABB,2,2,1,3,D,Anti-Unit,－
1,Saber,アルトリア・ペンドラゴン,"King of Knights of the Holy Sword (聖剣の騎士王, Seiken no Kishi-ō?)King of Knights (騎士王, Kishi-ō?)Altria Pendragon, Arturia Pendragon, King Arthur, Blue Saber",2,16,"1,734/11,221","2,222/15,150","12,283","16,597",Kawasumi Ayako,Takeuchi Takashi,Earth,Linear,102,10%,0.86%,3%,21%,Lawful・Good,Female,"Arthur, Dragon, Female, Humanoid, King, Riding, Saberface, Servant, Weak to Enuma Elish",QAABB,2,2,1,3,A,Anti-Fortress,1
2,Saber,アルトリア・ペンドラゴン〔オルタ〕,"Saber Alter, Dark-Tainted Tyrant, Artoria Alter, Black Saber, Salter",3,12,"1,708/10,248","1,854/11,589","12,408","14,051",Kawasumi Ayako,Takeuchi Takashi,Man,S,99,9.9%,0.86%,3%,19.2%,Lawful・Evil,Female,"Arthur, Dragon, Female, King, Humanoid, Saberface, Servant, Weak to Enuma Elish",QAABB,2,2,1,3,A++,Anti-Fortress,3
3,Saber,アルトリア・ペンドラゴン〔リリィ〕,"Saber Lily, Artoria Lily",4,12,"1,287/7,726","1,699/10,623","9,355","12,880",Kawasumi Ayako,Takeuchi Takashi,Earth,S,102,10%,0.86%,3%,21%,Lawful・Good,Female,"Arthur, Dragon, Female, Humanoid, King, Riding, Saberface, Servant, Weak to Enuma Elish",QAABB,2,2,1,3,B,Anti-Unit,8
4,Saber,ネロ・クラウディウス,"Emperor of Roses (薔薇の皇帝, Bara no Kōtei?), Red Saber, Nero Claudius Caesar Augustus Germanicus",5,12,"1,574/9,449","1,880/11,753","11,441","14,250",Tange Sakura,Wada Arco,Man,Reverse S,102,10.1%,0.84%,3%,24.5%,Chaotic・Good,Female,"Female, Humanoid, King, Riding, Roman, Saberface, Servant, Weak to Enuma Elish",QAABB,2,2,1,5,B-,Anti-Encampment,1
5,Saber,ジークフリート,"Sigurd, Tenacious Dragon Slayer (不撓不屈の竜殺し, Futō Fukutsu no Ryū Goroshi?)Saber of Black, Dragon-Blooded Knight",6,12,"1,363/8,181","2,266/14,165","9,905","17,175",Suwabe Junichi,Konoe Ototsugu,Earth,S,97,10%,0.83%,3%,28%,Chaotic・Good,Male,"Brynhildr's Beloved, Dragon, Humanoid, King, Male, Riding, Servant, Weak to Enuma Elish",QAABB,2,2,1,3,A+,Anti-Army,1
6,Saber,ガイウス・ユリウス・カエサル,"Julius Caesar, Red Saber (Self-Proclaimed)",7,7,"1,392/7,497","1,727/9,595","10,146","13,009",Okiayu Ryoutarou,Shimadoriru,Man,S,99,10%,1.1%,3%,31.5%,True Neutral,Male,"Brynhildr's Beloved, Divine, Humanoid, King, Male, Riding, Roman, Servant, Weak to Enuma Elish",QQABB,2,2,1,3,B+,Anti-Unit,10
7,Saber,アルテラ,"Great King of Destruction (破壞の大王, Hakai no Daiō?)Attila the Hun, Destroyer of Civilization, Etzel, King of Combat",8,16,"1,907/12,343","2,039/13,907","13,511","15,236",Noto Mamiko,huke,Man,Linear,102,10.1%,0.84%,3%,24.5%,Chaotic・Good,Female,"Divine, Female, Humanoid, King, Riding, Servant, Weak to Enuma Elish",QAABB,2,2,1,3,A-,Anti-Army,1
8,Saber,ジル・ド・レェ,9,7,"1,228/6,615","1,889/10,498","8,952","14,234",Tsuruoka Satoshi,Shinjirō‏‎,Man,S,98,9.9%,0.82%,3%,31.5%,Lawful・Good,Male,"Brynhildr's Beloved, Humanoid, Male, Riding, Servant, Weak to Enuma Elish",QAABB,2,2,1,3,B,Anti-Unit,－,None
9,Saber,シュヴァリエ・デオン,"Knight of the White Lily, Maid Knight, Charles-Geneviève-Louis-Auguste-André-Timothée d’Éon de Beaumont",10,12,"1,460/8,765","2,121/13,256","10,613","16,073",Saito Chiwa,Moriyama Daisuke,Man,Reverse S,102,10%,0.83%,3%,28%,True Neutral,Unknown,"Humanoid, Riding, Servant, Weak to Enuma Elish",QAABB,2,2,1,3,C,Anti-Army,－
10,Archer,エミヤ,"Wrought Iron Hero (錬鉄の英霊, Rentetsu no Eirei?)
Emiya Shirou (衛宮士郎, Emiya Shirō?), Nameless/No Name (無銘), Red Archer, Faker (フェイカー), Hero of Justice (正義の味方)",11,12,"1,566/9,398","1,843/11,521","11,379","13,969",Suwabe Jun'ichi,Takeuchi Takashi,Man,S,145,7.9%,0.51%,3%,31.5%,True Neutral,Male,"Brynhildr's Beloved, Humanoid, Male, Servant, Weak to Enuma Elish",QAAAB,2,3,1,5,E~A,???,10
11,Archer,ギルガメッシュ,"Humanity's Oldest King (人類最古の王, Jinrui Saiko no Ō?)King of Heroes of Decadence (退廃の英雄王, Taihai no Eiyū-ō?), A U OKing of Heroes, Linchpin of Heaven, King of Uruk, King of Babylonia, The Golden King",12,16,"1,897/12,280","1,920/13,097","13,442","14,348",Seki Tomokazu,Takeuchi Takashi,Sky,Reverse S,153,7.9%,0.34%,3%,31.5%,Chaotic・Good,Male,"Divine, Humanoid, King, Male, Servant, Weak to Enuma Elish",QAABB,5,5,5,8,A++,Anti-World,1
12,Archer,ロビンフッド,"Hunter of the Woods (森の狩人, Mori no Kariudo?), Green Archer",13,7,"1,247/6,715","1,833/10,187","9,088","13,812",Toriumi Kousuke,Wada Arco,Man,Linear,150,8%,0.87%,3%,31.5%,Neutral・Good,Male,"Brynhildr's Beloved, Humanoid, Male, Servant, Weak to Enuma Elish",QQAAB,3,2,1,3,D,Anti-Unit,1
13,Archer,アタランテ,"Hunter of Chastity (純潔の狩人, Junketsu no Kariudo?)Archer of Red, Atalante",14,12,"1,438/8,633","1,996/12,476","10,453","15,127",Hayami Saori,Rin Kususaga,Earth,Reverse S,148,8%,0.5%,3%,31.5%,Neutral・Evil,Female,"Argo-Related, Female, Humanoid, Servant, Weak to Enuma Elish",QQAAB,3,2,1,3,B,Anti-Army,10
14,Archer,エウリュアレ,The Far-Flier,15,7,"1,306/7,032","1,711/9,506","9,517","12,889",Asakawa Yuu,AKIRA,Sky,Linear,156,7.9%,0.9%,3%,22.5%,Chaotic・Good,Female,"Divine, Female, Humanoid, Servant, Weak to Enuma Elish",QQAAB,3,2,1,3,B-,Anti-Unit,1
15,Archer,アーラシュ,"Arash Kamangir, Āraš-e Kamāngīr",16,3,"1,057/5,816","1,424/7,122","9,037","10,979",Tsuruoka Satoshi,BLACK,Earth,Linear,147,8%,0.84%,3%,45%,Chaotic・Neutral,Male,"Brynhildr's Beloved, Humanoid, Male, Servant, Weak to Enuma Elish",QAABB,3,2,1,3,B++,Anti-Army,1
16,Lancer,クー・フーリン,"Child of Light (光の御子, Hikari no Miko?)
Beast of Culann (クランの猛犬, Kuran no Mōken?)
Cu Chulainn, Sétanta, Hound of Ulster, Coo Hullan, Child of the Sun",17,7,"1,334/7,239","1,726/9,593","9,797","13,007",Canna Nobutoshi,Takeuchi Takashi,Sky,Reverse S,87,12.1%,1.07%,4%,32%,Lawful・Neutral,Male,"Brynhildr's Beloved, Divine, Humanoid, Male, Servant, Weak to Enuma Elish",QQABB,2,2,1,3,B,Anti-Personnel,1
17,Lancer,エリザベート・バートリー,"Elisabeth Báthory, Elizabeth Bathory, Blood Countess, Countess Dracula",18,12,"1,520/9,122","1,899/11,870","11,045","14,392",Ookubo Rumi,Wada Arco,Man,Linear,90,11.8%,1.1%,4%,11.8%,Chaotic・Evil,Female,"Dragon, Female, Humanoid, Servant, Weak to Enuma Elish",QQABB,2,2,1,3,E-,Anti-Unit,5
18,Lancer,武蔵坊弁慶,"Hitachibou Kaison (常陸坊海尊, Hitachibō Kaison?), Musashibou Benkei",19,4,"1,029/5,801","1,722/9,149","8,406","13,204",Inada Tetsu,Shinjirō‏‎,Man,Reverse S,89,11.9%,0.79%,4%,36%,Chaotic・Good,Male,"Brynhildr's Beloved, Humanoid, Male, Servant, Weak to Enuma Elish",QQAAB,2,2,1,3,EX,Anti-Army,－
19,Lancer,クー・フーリン〔プロトタイプ〕,"Proto Lancer, Cu Chulainn (Prototype), Sétanta, Hound of Ulster, Coo Hullan (Prototype), Child of the Sun, Child of Light",20,7,"1,315/7,082","1,817/10,098","9,584","13,691",Nakai Kazuya,Nakahara,Sky,S,88,12.1%,1.08%,4%,28%,Lawful・Neutral,Male,"Divine, Humanoid, Male, Servant, Weak to Enuma Elish",QQABB,2,2,1,3,B,Anti-Unit,1
20,Lancer,レオニダス一世,21,4,"1,168/6,583","1,498/7,959","9,539","11,486",Miki Shinichirou,Shimaudon,Man,Reverse S,89,11.8%,1.07%,4%,32%,Lawful・Neutral,Male,"Humanoid, King, Male, Servant, Weak to Enuma Elish",QQABB,2,2,1,3,B,Anti-Army,－,None
21,Lancer,ロムルス,"The Divine Ancestor, King of Nation Building, Roma",22,7,"1,344/7,239","1,779/9,883","9,797","13,400",Okiayu Ryoutarou,Koyama Hirokazu,Star,Linear,90,12.1%,1.07%,4%,32%,Chaotic・Neutral,Male,"Humanoid, King, Male, Roman, Servant",QQABB,2,2,1,3,A++,Anti-Army,7
22,Rider,メドゥーサ,"Female Monster of Gorgon (ゴルゴーンの女怪, Gorugōn no Jokai?)",23,7,"1,337/7,200","1,608/8,937","9,744","12,117",Asakawa Yuu,Takeuchi Takashi,Earth,Linear,194,9%,0.58%,3%,35%,Chaotic・Good,Female,"Divine, Female, Humanoid, Riding, Servant, Weak to Enuma Elish",QQAAB,2,3,1,3,A+,Anti-Army,1
23,Rider,ゲオルギウス,Saint George,24,4,"929/5,236","1,731/9,200","7,587","13,278",Saizen Tadahisa,Higashiguchi Chuuou,Man,Linear,205,8.9%,0.85%,3%,45%,Lawful・Good,Male,"Brynhildr's Beloved, Humanoid, Male, Riding, Servant, Weak to Enuma Elish",QQAAB,2,2,1,3,B,Anti-Unit,4
24,Rider,エドワード・ティーチ,"Blackbeard (黒髭, Kuro Hige?)",25,4,"1,097/6,188","1,488/7,907","8,967","11,411",Saizen Tadahisa,B-suke,Man,S,198,8.8%,0.56%,3%,45%,Chaotic・Evil,Male,"Humanoid, Male, Servant, Weak to Enuma Elish",QAABB,2,3,1,3,C++,Anti-Army,5
25,Rider,ブーディカ,Queen of Victory,26,7,"1,168/6,289","1,823/10,130","8,511","13,735",Saito Chiwa,Aotsuki Takao,Man,Linear,196,8.9%,0.85%,3%,45%,Neutral・Good,Female,"Female, Humanoid, King, Riding, Servant, Weak to Enuma Elish",QQAAB,2,2,1,3,B+,Anti-Army,－
26,Rider,牛若丸,Minamoto no Yoshitsune (源義経?),27,7,"1,314/7,076","1,625/9,028","9,576","12,240",Hayami Saori,Sakamoto Mineji,Man,Reverse S,204,9.1%,0.87%,3%,35%,Chaotic・Neutral,Female,"Brynhildr's Beloved, Female, Humanoid, Riding, Servant, Weak to Enuma Elish",QQAAB,2,2,1,3,D,Anti-Unit Secret Technique,1
27,Rider,アレキサンダー,Young Iskandar,28,7,"1,366/7,356","1,555/8,640","9,955","11,714",Sakamoto Maaya,BUNBUN,Man,Linear,205,9%,0.86%,3%,40%,Neutral・Good,Male,"Divine, Greek Mythology Males, Humanoid, King, Male, Riding, Servant, Weak to Enuma Elish",QQAAB,2,2,1,3,B+,Anti-Army,1
28,Rider,マリー・アントワネット,29,12,"1,382/8,293","1,975/12,348","10,041","14,972",Taneda Risa,Ginka,Man,Reverse S,201,9%,1%,3%,35%,Lawful・Good,Female,"Female, Humanoid, Riding, Servant, Weak to Enuma Elish",QQAAB,2,1,1,3,A,Anti-Army,5,None
29,Rider,マルタ,"Saint Martha, Dragon Rider",30,12,"1,335/8,014","2,090/13,068","9,703","15,845",Hayami Saori,Sakamoto Mineji,Man,Linear,205,9%,1.58%,3%,30%,Lawful・Good,Female,"Divine, Female, Humanoid, Riding, Servant, Weak to Enuma Elish",QAAAB,2,1,1,3,A+,Anti-Army,1
30,Caster,メディア,"Witch of Perfidies (裏切りの魔女, Uragiri no Majo?)",31,7,"1,377/7,418","1,555/8,643","10,039","11,719",Tanaka Atsuko,Nekotawawa,Earth,S,50,10.9%,1.64%,3%,34.5%,Neutral・Evil,Female,"Argo-Related, Female, Humanoid, Servant, Weak to Enuma Elish",QAAAB,2,1,1,3,C,Anti-Magecraft,1
31,Caster,ジル・ド・レェ,"Holy Monster (聖なる怪物, Seinaru Kaibutsu?)Bluebeard, Demon Marshal",32,7,"1,209/6,514","1,711/9,506","8,816","12,889",Tsuruoka Satoshi,Azusa,Man,S,48,10.8%,1.58%,3%,48%,Chaotic・Evil,Male,"Humanoid, Male, Servant, Weak to Enuma Elish",QAAAB,2,1,1,3,A+,Anti-Army,3
32,Caster,ハンス・クリスチャン・アンデルセン,33,4,"1,021/5,758","1,597/8,484","8,344","12,244",Koyasu Takehito,Wada Arco,Man,S,48,10.8%,1.66%,3%,30%,Lawful・Neutral,Male,"Humanoid, Male, Servant, Weak to Enuma Elish",QAAAB,2,1,1,3,C,Anti-Unit,－,None
33,Caster,ウィリアム・シェイクスピア,"The Greatest Writer (偉大なる文豪, Idainaru Bungō?)Caster of Red",34,4,"1,028/5,798","1,520/8,080","8,402","11,661",Inada Tetsu,Konoe Ototsugu,Man,S,50,10.8%,1.59%,3%,45%,True Neutral,Male,"Humanoid, Male, Servant, Weak to Enuma Elish",QAAAB,2,1,1,3,B,Anti-Unit,4
34,Caster,メフィストフェレス,35,7,"1,270/6,839","1,659/9,216","9,255","12,495",Koyasu Takehito,Simosi,Earth,Reverse S,50,11%,0.81%,3%,36%,Chaotic・Evil,Male,"Humanoid, Male, Servant, Weak to Enuma Elish",QAAAB,2,2,1,3,A,Anti-Army,1,None
35,Caster,ヴォルフガング・アマデウス・モーツァルト,Gottlieb,36,3,"944/5,195","1,425/7,129","8,072","10,990",Seki Tomokazu,PFALZ,Star,Linear,49,11%,1.6%,3%,40.5%,Neutral・Good,Male,"Brynhildr's Beloved, Humanoid, Male, Servant",QAAAB,2,1,1,3,B,Anti-Army,－
36,Caster,諸葛孔明〔エルメロイⅡ世〕,"Waver Velvet (ウェイバー・ベルベット?),""El-Melloi II"", Shokatsu Koumei",37,16,"1,637/10,598","2,091/14,259","11,601","15,621",Namikawa Daisuke,Takeuchi Takashi,Man,S,50,10.8%,1.64%,3%,34.5%,Neutral・Good,Male,"Brynhildr's Beloved, Humanoid, Living Human, Male, Pseudo-Servant, Servant, Weak to Enuma Elish",QAAAB,2,1,1,3,C-,Anti-Army,－
37,Caster,クー・フーリン,"Child of Light (光の御子, Hikari no Miko?)",38,8,"1,222/6,580","1,728/9,604","8,905","13,022",Canna Nobutoshi,Mata,Sky,Reverse S,49,10.9%,1.6%,3%,42%,Lawful・Neutral,Male,"Brynhildr's Beloved, Divine, Humanoid, Male, Servant, Weak to Enuma Elish",QAAAB,2,1,1,3,B,Anti-Army,1
38,Assassin,佐々木小次郎,"Nameless Master (無名の達人, Mumei no Tatsujin?)Nameless Samurai, Sasaki Kojirou, REGEND, Saviour of France (2015)",39,3,"1,042/5,735","1,244/6,220","8,912","9,588",Miki Shinichirou,Mata,Man,Reverse S,102,25.3%,1.05%,4%,55%,Neutral・Evil,Male,"Humanoid, Male, Servant, Weak to Enuma Elish",QQQAB,2,2,1,4,-,Anti-Unit Mystic Sword,3
39,Assassin,呪腕のハサン,"Assassin of The White Skull (白髏の暗殺者アサシン, Hakurō no Asashin?)True Assassin, Hanam, Cursed Arm Hassan",40,4,"1,114/6,280","1,429/7,594","9,100","10,960",Inada Tetsu,Task Ohna,Man,Linear,97,25.2%,1.07%,4%,44%,Lawful・Evil,Male,"Humanoid, Male, Servant, Weak to Enuma Elish",QQQAB,3,2,1,3,C,Anti-Unit,1
40,Assassin,ステンノ,41,12,"1,497/8,985","1,843/11,518","10,879","13,965",Asakawa Yuu,AKIRA,Sky,Linear,104,25%,2.26%,4%,27.5%,Chaotic・Good,Female,"Divine, Female, Humanoid, Servant, Weak to Enuma Elish",QQQAB,2,1,1,3,B,Anti-Unit,－,None
41,Assassin,荊軻,Keika,42,7,"1,338/7,207","1,492/8,293","9,754","11,244",Tanaka Atsuko,Takahashi Keitarō,Man,Reverse S,98,25.2%,1.05%,4%,55%,Chaotic・Good,Female,"Female, Humanoid, Servant, Weak to Enuma Elish",QQQAB,2,2,1,3,B,Anti-Unit,1
42,Assassin,シャルル＝アンリ・サンソン,43,4,"968/5,456","1,568/8,309","7,906","11,991",Miyano Mamoru,Shimadoriru,Man,S,102,24.8%,1.06%,4%,49.5%,Lawful・Evil,Male,"Humanoid, Male, Servant, Weak to Enuma Elish",QQQAB,2,2,1,3,A,Anti-Unit,1,None
43,Assassin,ファントム・オブ・ジ・オペラ,"Erik (エリック?), Berserker of Shinjuku (新宿のバーサーカー?)",44,4,"1,003/5,654","1,580/8,393","8,193","12,112",Okiayu Ryoutarou,Shimaudon,Earth,Linear,98,25.2%,0.71%,4%,49.5%,Chaotic・Evil,Male,"Humanoid, Male, Servant, Weak to Enuma Elish",QQQAB,2,3,2,3,B,Anti-Army,1
44,Assassin,マタ・ハリ,"Margaretha Geertruida Zelle, The Girl Who Has Sunny Eyes",45,3,"977/5,377","1,313/6,565","8,355","10,120",Taneda Risa,Koyama Hirokazu,Man,Reverse S,98,24.6%,2.1%,4%,55%,Chaotic・Neutral,Female,"Female, Humanoid, Servant, Weak to Enuma Elish",QQQAB,2,1,1,3,A,Anti-Army,－
45,Assassin,カーミラ,Elizabeth Báthory,46,12,"1,568/9,408","1,675/10,473","11,391","12,698",Tanaka Atsuko,okojo,Earth,S,98,25.2%,2.15%,4%,44%,Chaotic・Evil,Female,"Female, Humanoid, Servant, Weak to Enuma Elish",QQQAB,2,1,1,3,C,Anti-Unit,1
46,Berserker,ヘラクレス,"The Immortal Great Hero (不死身の大英雄, Fujimi no Dai Eiyū?)Hércules, Megalos",47,12,"1,775/10,655","1,652/10,327","12,901","12,521",Saizen Tadahisa,Azusa,Sky,Reverse S,10,5%,1.07%,5%,39%,Chaotic・Insane,Male,"Argo-Related, Divine, Greek Mythology Males, Humanoid, Male, Servant, Weak to Enuma Elish",QABBB,2,2,1,3,C~A+,Anti-Unit,15
47,Berserker,ランスロット,"Knight of the Lake (湖の騎士, Mizu-umi no Kishi?)Black Knight, Mad Dog",48,12,"1,746/10,477","1,652/10,327","12,685","12,521",Okiayu Ryoutarou,Koyama Hirokazu,Earth,S,10,5%,0.5%,5%,52%,Lawful・Insane,Male,"Humanoid, Male, Servant, Weak to Enuma Elish",QABBB,2,2,1,3,A+,Anti-Unit,10
48,Berserker,呂布奉先,"General of Repetition, Lü Bu Fengxian",49,7,"1,507/8,119","1,494/8,302","10,988","11,256",Yasui Kunihiko,Wada Arco,Man,Reverse S,9,5%,1.04%,5%,50.3%,Chaotic・Evil,Male,"Humanoid, Male, Servant, Weak to Enuma Elish",QABBB,2,2,1,3,A,Anti-UnitAnti-ArmyAnti-Fortress,1
49,Berserker,スパルタクス,"Gladiator of Thrace (トラキアの剣闘士, Torakia no Ken Tōshi?)Berserker of Red",50,3,"922/5,073","1,544/7,722","7,883","11,904",Tsuruoka Satoshi,Konoe Ototsugu,Man,Reverse S,9,4.9%,1.01%,5%,65%,True Neutral,Male,"Humanoid, Male, Roman, Servant, Weak to Enuma Elish",QABBB,2,2,1,3,A,Anti-Unit,1
50,Berserker,坂田金時,"Kintarō (金太郎?), Golden",51,16,"1,964/12,712","1,782/12,150","13,915","13,311",Yusa Kōji,Honjou Raita,Man,Reverse S,9,5%,1.03%,5%,52%,Lawful・Good,Male,"Brynhildr's Beloved, Divine, Humanoid, Male, Servant, Weak to Enuma Elish",QABBB,2,2,1,3,C-,Anti-Unit,1
51,Berserker,ヴラド三世,"Lord Impaler (串刺し公, Kushizashi Kō?)Lancer of Black, Vlad Ţepeş, Count Dracula",52,16,"1,777/11,499","2,019/13,770","12,587","15,086",Okiayu Ryoutarou,Maeda Hirotaka,Earth,S,9,4.9%,0.5%,5%,45.5%,Chaotic・Evil,Male,"Brynhildr's Beloved, Humanoid, King, Male, Servant, Weak to Enuma Elish",QAABB,2,2,1,3,C,Anti-Unit,10
52,Berserker,アステリオス,Minotaur,53,3,"1,097/6,037","1,320/6,604","9,381","10,181",Toriumi Kousuke,Shimadoriru,Earth,Linear,9,4.9%,0.68%,5%,58.5%,Chaotic・Evil,Male,"Giant, Greek Mythology Males, Humanoid, Male, Servant, Weak to Enuma Elish",QABBB,2,3,1,3,EX,Labyrinth,－
53,Berserker,カリギュラ,Emperor of Death,54,4,"1,374/6,831","1,211/7,303","9,899","10,540",Tsuruoka Satoshi,BLACK,Man,S,9,5%,0.68%,5%,56.8%,Chaotic・Evil,Male,"Humanoid, King, Male, Roman, Servant, Weak to Enuma Elish",QABBB,2,3,1,3,C,Anti-Army,－
54,Berserker,ダレイオス三世,55,7,"1,412/7,608","1,577/8,763","10,297","11,881",Yasui Kunihiko,PFALZ,Man,Linear,9,5%,0.67%,5%,65%,Lawful・Neutral,Male,"Giant, Humanoid, King, Male, Servant, Weak to Enuma Elish",QABBB,2,3,1,3,A,Anti-Army,10,None
55,Berserker,清姫,56,7,"1,233/6,644","1,649/9,166","8,992","12,428",Taneda Risa,BLACK,Earth,Linear,9,4.9%,2.03%,5%,65%,Chaotic・Evil,Female,"Dragon, Female, Humanoid, Servant, Weak to Enuma Elish",QABBB,2,1,1,3,EX,Anti-Unit,3,None
56,Berserker,エイリーク・ブラッドアクス,"Bloodaxe King, Eric Haraldsson",57,4,"1,116/6,290","1,447/7,688","9,115","11,095",Yasui Kunihiko,Aotsuki Takao,Man,Linear,9,4.9%,1.02%,5%,58.5%,Chaotic・Neutral,Male,"Humanoid, King, Male, Servant, Weak to Enuma Elish",QABBB,2,2,1,3,B,Anti-Unit,5
57,Berserker,タマモキャット,58,12,"1,504/9,026","1,833/11,458","10,929","13,893",Saito Chiwa,Wada Arco,Earth,Reverse S,10,5%,0.71%,5%,39%,Chaotic・Good,Female,"Beast, Female, Humanoid, Servant, Weak to Enuma Elish",QABBB,2,3,2,3,D,Anti-Unit,5,None
58,Ruler,ジャンヌ・ダルク,"Holy Maiden of Salvation (救国の聖女, Kyūkoku no Seijo?)Joan of Arc, La Pucelle d'Orléans, The Maiden of Orleans, St. Joan, Laeticia",59,16,"1,482/9,593","2,420/16,500","10,501","18,076",Sakamoto Maaya,Takeuchi Takashi,Star,Reverse S,99,10.1%,0.76%,3%,21%,Lawful・Good,Female,"Female, Humanoid, Saberface, Servant, Weak to Enuma Elish",QAAAB,2,2,1,3,A-,Barrier,－
59,Archer,オリオン,"Artemis (アルテミス?), Super Orion",60,16,"1,716/11,107","2,134/14,553","12,158","15,943","Canna Nobutoshi, Sawashiro Miyuki",I-IV,Sky,Semi Reverse S,153,8%,1%,3%,27%,Chaotic・Neutral,Male,"Greek Mythology Males, Humanoid, Male, Servant, Weak to Enuma Elish",QQAAB,3,1,1,4,A+,Anti-Unit,5
60,Caster,エリザベート・バートリー〔ハロウィン〕,"Hallo-Eli, Elisabeth Báthory (Halloween)",61,12,"1,436/8,616","1,824/11,404","10,432","13,827",Ookubo Rumi,Wada Arco,Man,Semi Reverse S,49,10.8%,1.6%,3%,42%,Chaotic・Evil,Female,"Dragon, Female, Humanoid, Servant, Weak to Enuma Elish",QAAAB,2,1,1,4,E-,Anti-Unit,5
61,Caster,玉藻の前,"Fox Priestess of Peerless Beauty (絶世の美女巫女狐, Zessei no Bijo Miko-Gitsune?)Cas-ko (キャス狐こ?), Mizukume, Otama",62,16,"1,629/10,546","2,091/14,259","11,544","15,621",Saito Chiwa,Wada Arco,Sky,Linear,49,11%,0.32%,3%,36%,Neutral・Evil,Female,"Divine, Female, Humanoid, Servant, Weak to Enuma Elish",QAAAB,3,5,1,4,D-,Anti-Army,－
62,Archer,ダビデ,63,7,"1,436/7,736","1,555/8,643","10,470","11,719",Nakamura Yuuichi,Ginka,Sky,Semi Reverse S,153,8%,0.76%,3%,36%,Lawful・Neutral,Male,"Humanoid, King, Male, Servant, Weak to Enuma Elish",QAAAB,2,2,1,3,C-,Anti-Unit,1,None
63,Lancer,ヘクトール,"Hektor, Hector of the Gleaming Helmet",64,7,"1,334/6,928","1,726/10,200","9,376","13,829",Yasui Kunihiko,BLACK,Man,Linear,90,12.2%,1.08%,4%,28%,Lawful・Neutral,Male,"Greek Mythology Males, Humanoid, Male, Riding, Servant, Weak to Enuma Elish",QQABB,2,2,1,3,A-,Anti-Army,1
64,Rider,フランシス・ドレイク,"Voyager of the Storm (嵐の航海者, Arashi no Kōkai-sha?)El Draque, King of Storms, King of Ghosts",65,16,"1,750/11,326","1,881/12,830","12,398","14,056",Takano Urara,Wada Arco,Star,Reverse S,208,9%,0.42%,3%,50%,Chaotic・Evil,Female,"Female, Humanoid, Riding, Servant",QAABB,6,4,2,4,A,Anti-Army,5
65,Rider,アン・ボニー＆メアリー・リード,66,12,"1,504/9,029","1,805/11,286","10,932","13,684","Nonaka Ai, Kawasumi Ayako",I-IV,Man,Semi S,200,9.1%,0.84%,3%,50%,Chaotic・Evil,Female,"Female, Humanoid, Servant, Weak to Enuma Elish",QQAAB,2,2,1,3,C+,Anti-Unit,6,None
66,Caster,メディア〔リリィ〕,67,12,"1,294/7,766","2,091/13,070","9,403","15,847",Nonaka Ai,Koyama Hirokazu,Earth,Reverse S,51,10.7%,0.4%,3%,36%,Lawful・Good,Female,"Argo-Related, Female, Humanoid, Servant, Weak to Enuma Elish",QAAAB,4,4,3,5,C-,Anti-Thaumaturgy,－,None
67,Saber,沖田総司,"Okita Souji, Sakura Saber",68,16,"1,865/12,068","1,939/13,225","13,210","14,489",Yūki Aoi,Takeuchi Takashi,Man,Reverse S,98,10.2%,1.09%,3%,35%,True Neutral,Female,"Female, Humanoid, Riding, Saberface, Servant, Weak to Enuma Elish",QQABB,5,2,1,3,-,Anti-Unit Mystic Sword,3
68,Archer,織田信長,"Demon King of the Sixth Heaven (第六天魔王, Dairoku Ten-Maō?)Demon Archer, Big Fool of Owari, Nobu",69,12,"1,582/9,494","1,862/11,637","11,495","14,110",Kugimiya Rie,pako,Man,Linear,150,7.9%,0.43%,3%,31.5%,Lawful・Neutral,Female,"Female, Humanoid, King, Servant, Weak to Enuma Elish",QAABB,2,4,4,5,E~A,Anti-Army,10
69,Lancer,スカサハ,"Queen of the Land of Shadows (影の国の女王, Kage no Kuni no Joō?)Witch of Dún Scáith, Lord of Spirits, Shishou",70,16,"1,758/11,375","2,174/14,825","12,452","16,241",Noto Mamiko,Koyama Hirokazu,Star,Linear,88,12.2%,0.71%,4%,32%,Neutral・Good,Female,"Female, Humanoid, King, Servant, Weak to Enuma Elish",QQABB,2,3,6,7,B,Anti-Unit,1
70,Lancer,ディルムッド・オディナ,"Beautiful Young Warrior (麗しの若武者, Uruwashi no Wakamusha?)Diarmuid O'Dyna, Diarmuid of the Love Spot",71,7,"1,277/6,877","1,817/10,098","9,307","13,691",Midorikawa Hikaru,Mata,Earth,Reverse S,87,12.3%,0.79%,4%,36%,Lawful・Neutral,Male,"Brynhildr's Beloved, Humanoid, Male, Servant, Weak to Enuma Elish",QQAAB,2,2,2,4,B,Anti-Unit,2
71,Saber,フェルグス・マック・ロイ,72,7,"1,385/7,460","1,761/9,786","10,096","13,268",Kuroda Takaya,B-suke,Earth,Semi Reverse S,99,10%,1.09%,3%,35%,Lawful・Neutral,Male,"Brynhildr's Beloved, Humanoid, King, Male, Riding, Servant, Weak to Enuma Elish",QABBB,2,2,1,3,A+,Anti-Army,5,None
72,Rider,アルトリア・ペンドラゴン〔サンタオルタ〕,73,12,"1,543/9,258","1,805/11,286","11,209","13,684",Kawasumi Ayako,Takeuchi Takashi,Man,Semi S,204,8.9%,0.87%,3%,35%,Lawful・Good,Female,"Arthur, Dragon, Female, Humanoid, King, Riding, Saberface, Servant, Weak to Enuma Elish",QAABB,2,2,1,3,A++,Anti-Fortress,3,None
73,Caster,ナーサリー・ライム,Alice,74,12,"1,438/8,629","1,901/11,882","10,448","14,407",Nonaka Ai,Wada Arco,Man,Linear,50,10.8%,0.54%,3%,36%,True Neutral,Female,"Female, Humanoid, Servant, Weak to Enuma Elish",QAAAB,3,3,1,3,C-,Anti-Unit,3
74,Assassin,ジャック・ザ・リッパー,"Innocent Murderer (無垢なる殺人鬼, Mukunaru Satsujinki?)切り裂きジャック, Assassin of Black, Legendary Serial Killer",75,16,"1,786/11,557","1,862/12,696","12,651","13,909",Tange Sakura,Konoe Ototsugu,Earth,Semi Reverse S,97,25.5%,1.07%,4%,44%,Chaotic・Evil,Female,"Female, Humanoid, Servant, Weak to Enuma Elish",QQQAB,5,2,2,4,D,Anti-Unit,4
75,Saber,モードレッド,"Knight of Treachery (叛逆の騎士, Hangyaku no Kishi?)Saber of Red, The Knight of Londinium",76,16,"1,811/11,723","2,153/14,680","12,833","16,083",Sawashiro Miyuki,Konoe Ototsugu,Earth,Semi Reverse S,98,10%,0.56%,3%,24.5%,Chaotic・Neutral,Female,"Dragon, Humanoid, Riding, Saberface, Servant, Weak to Enuma Elish",QAABB,2,3,1,4,A+,Anti-Army,5
76,Archer,ニコラ・テスラ,"Dr. Raiden (雷電博士, Raiden Hakase?)The Modern Prometheus, Godlike Genius",77,16,"1,820/11,781","2,027/13,825","12,896","15,146",Inada Tetsu,Namaniku ATK (Nitroplus),Star,Reverse S,147,7.9%,0.87%,3%,31.5%,Chaotic・Good,Male,"Brynhildr's Beloved, Humanoid, Male, Servant",QAABB,3,2,1,3,EX,Anti-Fortress,3
77,Lancer,アルトリア・ペンドラゴン〔オルタ〕,"Artoria Lancer, King of Storms",78,12,"1,661/9,968","1,881/11,761","12,069","14,260",Kawasumi Ayako,Ishida Akira,Sky,Semi S,88,11.8%,0.74%,4%,23%,Lawful・Good,Female,"Arthur, Dragon, Female, King, Humanoid, Riding, Saberface, Servant, Weak to Enuma Elish",QQABB,2,3,1,4,A++,Anti-Fortress,
78,Caster,ヴァン・ホーエンハイム・パラケルスス,79,7,"1,246/6,711","1,711/9,506","9,082","12,889",Miki Shinichirou,Nakahara,Man,Linear,50,10.8%,0.55%,3%,36%,Chaotic・Good,Male,"Brynhildr's Beloved, Humanoid, Male, Servant, Weak to Enuma Elish",QAAAB,2,2,1,3,A+,Anti-Army,3,None
79,Caster,チャールズ・バベッジ,"Dream of Steam (蒸気の夢, Jōki no Yume?)
King of Steam (蒸気王, Jōki-Ō?), Father of the Computer",80,7,"1,113/5,996","1,959/10,887","8,115","14,761",Inada Tetsu,I-IV,Man,S,48,10.8%,0.91%,3%,36%,Chaotic・Neutral,Male,"Humanoid, Male, Servant, Weak to Enuma Elish",QAABB,2,2,1,3,A+,Anti-Army,4
80,Assassin,ヘンリー・ジキル＆ハイド,"Double Entities (二重存在者, Nijū Sonzai-sha?)Dr. Jekyll and Mr. Hyde, Edward Hyde",81,7,"1,173/6,320","1,741/9,675","8,553","13,118",Miyano Mamoru,Nakahara,Earth,Linear,99 /  9,25.6% /  5%,1.05% /  1.02%,4% /  5%,55% /  58.5%,Lawful-Good (Jekyll)・Chaotic-Evil (Hyde),Male,"Brynhildr's Beloved (Jekyll), Humanoid, Male, Servant, Weak to Enuma Elish",QQABB,2,2,1,3,C,Anti-Unit,－
81,Assassin,ヘンリー・ジキル＆ハイド,"Double Entities (二重存在者, Nijū Sonzai-sha?)Dr. Jekyll and Mr. Hyde, Edward Hyde",81,7,"1,173/6,320","1,741/9,675","8,553","13,118",Miyano Mamoru,Nakahara,Earth,Linear,99 /  9,25.6% /  5%,1.05% /  1.02%,4% /  5%,55% /  58.5%,Lawful-Good (Jekyll)・Chaotic-Evil (Hyde),Male,"Brynhildr's Beloved (Jekyll), Humanoid, Male, Servant, Weak to Enuma Elish",QQABB,2,2,1,3,C,Anti-Unit,－
82,Berserker,フランケンシュタイン,"Innocent Bride (無垢なる花嫁, Mukunaru Hanayome?)Berserker of Black, Fran, Frankenstein's Monster",82,12,"1,573/9,441","1,710/10,687","11,431","12,958",Nonaka Ai,Okazaki Takeshi,Earth,Semi Reverse S,10,4.9%,0.83%,5%,58.5%,Chaotic・Neutral,Female,"Female, Humanoid, Servant, Weak to Enuma Elish",QABBB,2,2,1,3,D~B,Anti-Army,6
83,Caster,ソロモン,"Grand Caster, King of Magic, Solomon-Goetia",83,16,"1,645 / 10,650","2,091 / 14,259","11,658","15,621",Sugita Tomokazu,Takeuchi Takashi,Sky,Linear,51,11%,1.64%,3%,33%,Lawful ・ Good,Male,"Humanoid, King, Male, Super Large (London Demon Pillar), Weak to Enuma Elish",QAAAB,2,1,1,3,-,-,1
84,Archer,アルジュナ,"The Endowed Hero (授かりの英雄, Sazukari no Eiyū?)",84,16,"1,907/12,342","1,940/13,230","13,510","14,494",Shimazaki Nobunaga,pako,Sky,Semi Reverse S,154,8%,0.51%,3%,31.5%,Lawful・Neutral,Male,"Divine, Humanoid, Male, Servant, Weak to Enuma Elish",QAAAB,2,3,3,5,A+,Anti-Army,1
85,Lancer,カルナ,"Hero of Charity (施しの英雄, Hodokoshi no Eiyū?)Lancer of Red, Son of the Sun God, Launcher",85,16,"1,850/11,976","1,999/13,632","13,110","14,934",Yusa Kouji,pako,Sky,Reverse S,88,12.2%,0.72%,4%,28%,Lawful・Good,Male,"Brynhildr's Beloved, Divine, Humanoid, Male, Riding, Servant, Weak to Enuma Elish",QQABB,3,3,1,4,EX,Anti-Divine,5
86,Assassin,謎のヒロインX,"MHX, A-X, Mysterious Racer X (Summer Event)",86,16,"1,817/11,761","1,862/12,696","12,874","13,909",Kawasumi Ayako,BUNBUN,Star,Linear,98,25.6%,0.81%,4%,38.5%,Chaotic・Good,Female,"Arthur, Dragon, Female, Humanoid, King, Riding, Saberface, Servant",QQAAB,4,2,1,4,A+,Anti-Unit,12
87,Lancer,フィン・マックール,"Finn MacCool, Finn MacCoul",87,12,"1,488/8,930","2,040/12,750","10,812","15,459",Miki Shinichirou,Moriyama Daisuke,Sky,Reverse S,89,12.3%,0.55%,4%,32%,True Neutral,Male,"Divine, Humanoid, Male, Servant, Weak to Enuma Elish",QQAAB,2,2,1,4,A,Anti-Army,3
88,Lancer,ブリュンヒルデ,"Brynhild (Brünnhilde), Sigrdrífa",88,16,"1,766/11,432","2,174/14,825","12,514","16,241",Noto Mamiko,Miwa Shirō,Sky,Semi Reverse S,87,12.2%,1.07%,4%,32%,Neutral・Good,Female,"Divine, Female, Humanoid, Riding, Servant, Weak to Enuma Elish",QQABB,3,2,1,5,B,Anti-Unit,5
89,Berserker,ベオウルフ,King of Savagery,89,12,"1,707/10,247","1,652/10,327","12,407","12,521",Nakai Kazuya,Simosi,Earth,Linear,10,4.9%,0.68%,5%,58.5%,Chaotic・Good,Male,"Brynhildr's Beloved, Humanoid, King, Male, Servant, Weak to Enuma Elish",QABBB,3,3,1,4,A+,Anti-Unit,12
90,Saber,ネロ・クラウディウス 〔ブライド〕,Saber Bride,90,16,"1,793/11,607","2,089/14,248","12,706","15,609",Tange Sakura,Wada Arco,Man,Semi S,102,10.1%,0.7%,3%,35%,Chaotic・Bride,Female,"Female, Humanoid, King, Riding, Roman, Saberface, Servant, Weak to Enuma Elish",QAABB,3,3,1,5,B+,Anti-Unit,2
91,Saber,両儀式,"「Ryōgi Shiki」, Void Shiki, Saber Shiki",91,16,"1,656/10,721","2,266/15,453","11,736","16,929",Sakamoto Maaya,Takeuchi Takashi,Man,S,102,9.9%,0.84%,3%,24.5%,True Neutral,Female,"Female, Humanoid, Pseudo-Servant, Servant",QAABB,4,2,1,4,EX,Anti-Unit,1
92,Assassin,両儀式,Ryougi Shiki,92,12,"1,477/8,867","1,768/11,055","10,736","13,404",Sakamoto Maaya,Takeuchi Takashi,Man,Linear,102,25.6%,0.8%,4%,44%,Chaotic ・ Good,Female,"Female, Humanoid, Living Human, Pseudo-Servant, Servant",QQAAB,4,2,1,5,EX,Anti-Unit,3
93,Ruler,天草四郎,"The One who Sought for an Endless Dream (終わりのない夢を追う者, Owari no Nai Yume wo Ou-mono?), Amakusa Shirou,Amakusa Shirō Tokisada (天草四郎時貞?), Shirō Kotomine (シロウ・コトミネ?)",93,16,"1,695/10,972","2,069/14,107","12,011","15,455",Uchiyama Kōki,Konoe Ototsugu,Man,Reverse S,100,10%,0.86%,3%,21%,Lawful・Good,Male,"Humanoid, Male, Servant, Weak to Enuma Elish",QAABB,3,2,1,7,A+,Anti-Army,1
94,Rider,アストルフォ,"Knight of Evaporated Sanity (理性蒸発の騎士, Risei Jōhatsu no Kishi?) Rider of Black, Sailor Paladin",94,12,"1,489/8,937","1,787/11,172","10,821","13,546",Ookubo Rumi,Konoe Ototsugu,Earth,Semi Reverse S,205,9%,0.66%,1%,40%,Chaotic・Good,Unknown,"Humanoid, Riding, Servant, Weak to Enuma Elish",QQQAB,2,2,1,4,B+,Anti-Army,1
95,Archer,子ギル,"Ko-Gil, Young Gil, Child Gil, Gil-kun, Gilgamesh (Child)",95,7,"1,429/7,696","1,571/8,731","10,415","11,838",Endou Aya,Sky Sphere,Sky,Reverse S,153,7.9%,0.62%,3%,36%,Chaotic・Good,Male,"Divine, Humanoid, King, Male, Servant, Weak to Enuma Elish",QAABB,3,3,3,3,B+,Anti-Unit,10
96,Avenger,巌窟王 エドモン・ダンテス,"The Count of Monte Cristo (モンテ・クリスト伯爵?), The King of the Cavern (巌窟王, Gankutsuō?)",96,16,"1,953/12,641","1,785/12,177","13,838","13,340",Shimazaki Nobunaga,Komatsuzaki Rui,Man,S,30,5.9%,0.62%,6%,7%,Chaotic・Evil,Male,"Humanoid, Male, Servant, Weak to Enuma Elish",QQABB,4,2,3,5,A,Anti-Army,8
97,Berserker,ナイチンゲール,"Angel of Crimea (クリミアの天使, Kurimia no Tenshi?)Florence Nightingale (フローレンス・ナイチンゲール), Mercédès, The White Cloth of Steel, The Lady with the Lamp",97,16,"1,573/10,184","2,232/15,221","11,148","16,675",Sawashiro Miyuki,Takahashi Keitarō,Man,Semi S,10,5%,0.77%,5%,56.8%,Lawful・Good,Female,"Female, Humanoid, Servant, Weak to Enuma Elish",QAABB,6,2,1,5,C,Anti-Army,－
98,Berserker,クー・フーリン〔オルタ〕,"Cú Alter, Mad King Cú Chulainn",98,16,"1,979/12,805","1,790/12,210","14,017","13,377",Canna Nobutoshi,Shimadoriru,Earth,Reverse S,9,5.1%,0.69%,5%,52%,Chaotic・Evil,Male,"Brynhildr's Beloved, Divine, Humanoid, Male, Servant, Weak to Enuma Elish",QABBB,4,3,3,5,A,Anti-Unit,12
99,Rider,女王メイヴ,"Queen of Connacht (コノートの女王, Konōto no Joō?)Queen Medb, Eternal Lady",99,16,"1,591/10,296","2,048/13,968","11,270","15,303",Sakura Ayane,Takayama Kisai,Earth,Linear,208,9%,0.86%,3%,40%,Chaotic・Evil,Female,"Female, Humanoid, King, Riding, Servant, Weak to Enuma Elish",QAABB,3,2,1,7,B,Anti-Army,5
100,Caster,エレナ・ブラヴァツキー,"Elena Blavatsky, Madame Blavatsky, Еле́на Петро́вна Блава́тская, Yelena Petrovna Blavatskaya",100,12,"1,438/8,629","1,901/11,882","10,448","14,407",Kanemoto Hisako,MatsuRyuu,Man,Linear,51,10.7%,0.45%,3%,36%,Chaotic・Good,Female,"Female, Humanoid, Servant, Weak to Enuma Elish",QAAAB,6,3,1,3,A,Anti-Army,3
101,Saber,ラーマ,101,12,"1,642/9,854","1,901/11,882","11,931","14,541",Sawashiro Miyuki,Rin Kususaga,Sky,Semi Reverse S,100,10.2%,0.84%,3%,24.5%,Lawful・Good,Male,"Brynhildr's Beloved, Divine, Humanoid, King, Male, Riding, Servant, Weak to Enuma Elish",QAABB,2,2,1,4,A+,Anti-Demon,5,None
102,Lancer,神槍 李書文,"No Second Strike (二の打ち要らず, Ni no Uchi Irazu?)Legendary Spearman, God Spear Li (神槍李)",102,12,"1,608/9,653","1,817/11,360","11,688","13,774",Yasui Kunihiko,Wada Arco,Man,S,87,12.2%,0.52%,4%,40%,Neutral・Evil,Male,"Humanoid, Male, Servant, Weak to Enuma Elish",QQAAB,3,3,1,5,-,Anti-Unit,3
103,Caster,トーマス・エジソン,"The Wizard of Menlo Park (メンロパークの魔術師, Menropāku no Majutsu-shi?)Thomas Alva Edison, King of Inventors",103,12,"1,325/7,952","1,901/11,882","9,628","14,407",Terashima Takuma,pako,Man,Semi Reverse S,51,10.6%,0.51%,3%,60%,Lawful・Neutral,Male,"Humanoid, Male, Servant, Weak to Enuma Elish",QAAAB,3,3,3,5,EX,Anti-Populace,1
104,Caster,ジェロニモ,"Goyaałé, Jeronimo",104,7,"1,273/6,857","1,642/9,123","9,280","12,369",Egawa Hisao,Sakamoto Mineji,Man,Linear,49,11%,0.9%,3%,40.5%,Neutral・Good,Male,"Brynhildr's Beloved, Humanoid, Male, Servant, Weak to Enuma Elish",QAABB,2,2,1,4,B,Anti-Army,1
105,Archer,ビリー・ザ・キッド,Juvenile Rascal King (少年悪漢王?),105,7,"1,279/6,890","1,711/9,506","9,325","12,889",Takano Urara,Shimaudon,Man,Linear,150,8%,0.56%,3%,45%,Chaotic ・ Neutral,Male,"Humanoid, Male, Riding, Servant, Weak to Enuma Elish",QQAAB,2,3,4,4,C++,Anti-Unit,3
106,Avenger,ジャンヌ・ダルク〔オルタ〕,"Dragon Witch (竜の魔女 Ryū no Majo), Jalter, Witch of Vengeance, 邪ンヌ",106,16,"2,046/13,244","1,724/11,761","14,498","12,885",Sakamoto Maaya,Takeuchi Takashi,Man,S,29,6%,0.83%,5%,5.7%,Chaotic・Evil,Female,"Female, Humanoid, Saberface, Servant, Weak to Enuma Elish",QAABB,3,2,4,7,A+,Anti-Army,
107,Avenger,アンリマユ,"Avenger, All the World's Evil, King of Daemons, Aŋra Mainiiu",107,4,"1,008/5,683","1,502/7,981","8,235","11,518",Terashima Takuma,Nekotawawa,Man,Linear,29,6%,0.79%,5%,9%,Chaotic・Evil,Male,"Humanoid, Male, Servant, Weak to Enuma Elish",QQAAB,3,2,1,4,C-,Anti-Unit,－
108,Rider,イスカンダル,"The King of Conquerors of the Distant Lands (遥かなる征服王, Harukanaru Seifuku-ō?) Alexander the Great, King of Conquerors",108,16,"1,786/11,560","1,938/13,219","12,654","14,482",Ootsuka Akio,Takeuchi Takashi,Man,Reverse S,205,8.8%,0.66% / 0.86%,3%,40%,Neutral・Good,Male,"Brynhildr's Beloved, Divine, Greek Mythology Males, Humanoid, King, Male, Riding, Servant, Weak to Enuma Elish",QAABB,3,2,1,6,EX,Anti-Army,8
109,Assassin,エミヤ〔アサシン〕,"Emiya Kiritsugu (衛宮切嗣, Emiya Kiritsugu?), Magus Killer",109,12,"1,493/8,958","1,786/11,168","10,846","13,541",Koyama Rikiya,AKIRA,Man,Semi Reverse S,97,25.6%,0.46% 0.28%,4%,44%,Chaotic・Evil,Male,"Brynhildr's Beloved, Humanoid, Male, Servant, Weak to Enuma Elish",QQAAB,4,2,6,8,B,Anti-Unit,
110,Assassin,百貌のハサン,"Leader of Hashasheen (暗殺教団教主, Ansatsu Kyōdan Kyōshu?)Asa-ko (アサ子?), Hundred-Faced Hassan, Hassan of the Hundred Personas",110,7,"1,241/6,686","1,675/9,310","9,049","12,623",Abe Akina,Task Ohna,Man,Semi S,97,25.5%,0.48% 0.38%,4%,44%,Lawful・Evil,Female,"Female, Humanoid, Servant, Weak to Enuma Elish",QQAAB,3,3,1,6,B+,Anti-Unit,13
111,Caster,アイリスフィール〔天の衣〕,"Irisviel von Einzbern, Iri, White Holy Grail, Irisviel (Holy Grail)",111,12,"1,372/8,237","1,996/12,476","9,973","15,127",Ohara Sayaka,Shimaudon,Sky,Semi Reverse S,50,10.8%,0.42%,3%,34.5%,Chaotic・Good,Female,"Divine, Female, Humanoid, Servant, Weak to Enuma Elish",QAAAB,3,3,3,4,B,Magecraft,－
112,Assassin,酒呑童子,"Shuten-Douji, Saṃghāta Hell Berserker, Ibuki-Dōji?",112,16,"1,853/11,993","1,881/12,825","13,128","14,050",Yūki Aoi,Honjou Raita,Earth,Semi Reverse S,98,25%,0.55%,4%,31.6%,Chaotic・Evil,Female,"Demonic, Divine, Dragon, Female, Humanoid, Servant, Weak to Enuma Elish",QQAAB,4,3,1,6,B,Anti-Army,1
113,Caster,玄奘三蔵,"The Bonze of Tang Dynasty (唐代の法師, Tō-dai no Hōshi?)Genjou Sanzou",113,16,"1,801/11,658","1,901/12,965","12,761","14,204",Komatsu Mikako,Okazaki Takeshi,Man,S,52,11%,0.82%,3%,34.5%,Lawful・Good,Female,"Divine, Female, Humanoid, Servant, Weak to Enuma Elish",QAAAB,3,2,1,6,B,Anti-Army,12
114,Berserker,源頼光,"Minamoto no Yorimitsu, Minamoto no Raikou, Ushi Gozen, Kālasūtra Hell Rider",114,16,"1,786/11,556","1,980/13,500","12,650","14,790",Tomatsu Haruka,Honjou Raita,Sky,Semi S,9,4.9%,0.46%,5%,39%,Chaotic・Good,Female,"Divine, Female, Humanoid, Riding, Servant, Weak to Enuma Elish",QAABB,3,4,1,5,B++,Anti-Army,7
115,Rider,坂田金時,Kintarō (金太郎?),115,12,"1,636/9,819","1,728/10,800","11,889","13,095",Yusa Kōji,Honjou Raita,Earth,Reverse S,198,9%,1.15%,3%,40%,Lawful・Good,Male,"Brynhildr's Beloved, Divine, Humanoid, Male, Servant, Weak to Enuma Elish",QQABB,4,2,1,5,B,Anti-Army,4
116,Berserker,茨木童子,"Ibaraki-Douji, Banana Oni",116,12,"1,606/9,636","1,752/10,954","11,667","13,282",Touyama Nao,Hidari,Earth,Semi S,10,4.9%,1.03%,5%,52%,Chaotic・Evil,Female,"Demonic, Female, Humanoid, Servant, Weak to Enuma Elish",QABBB,4,2,1,5,B,Anti-Army,1
117,Assassin,風魔小太郎,"Fuuma Kotarou, Fuuma ""Evil-Wind"" Kotarou",117,7,"1,316/7,091","1,592/8,844","9,597","11,991",Hanae Natsuki,Sasaki Shonen,Man,Reverse S,100,25.6%,0.54%,4%,38.5%,Chaotic・Evil,Male,"Humanoid, Male, Servant, Weak to Enuma Elish",QQQAB,4,4,1,4,B,Anti-Army,5
118,Rider,オジマンディアス,"King of GodsPharaoh (神王, Shin-Ō?)Ramesses II, King of Kings, Meryamen, Sun King, God-king",118,16,"1,850/11,971","1,881/12,830","13,104","14,056",Koyasu Takehito,Nakahara,Sky,Linear,205,9%,0.59%,3%,30%,Chaotic・Neutral,Male,"Brynhildr's Beloved, Divine, Humanoid, King, Male, Riding, Servant, Weak to Enuma Elish",QAABB,5,3,1,5,EX,Anti-Fortress,5
119,Lancer,アルトリア・ペンドラゴン,"Lion King (獅子王, Shishi-Ō?)King Arthur, King of Knights, Goddess of Rhongomyniad",119,16,"1,699/10,995","2,288/15,606","12,036","17,097",Kawasumi Ayako,Ishida Akira,Sky,Linear,89,12.2%,1.1%,4%,24%,Lawful・Good,Female,"Arthur, Dragon, Female, King, Humanoid, Riding, Saberface, Servant, Weak to Enuma Elish",QQABB,3,2,1,5,A++,Anti-Fortress,2
120,Caster,ニトクリス,"Avatar of the Sky (天空の化身, Tenkū no Keshin?)Nitocret",120,12,"1,510/9,060","1,806/11,288","10,970","13,686",Tanaka Minami,Shimaudon,Earth,Reverse S,50,10.8%,0.54%,3%,36%,Lawful・Good,Female,"Divine, Female, Humanoid, King, Servant, Weak to Enuma Elish",QAAAB,4,3,3,5,B+,Anti-Army,3
121,Saber,ランスロット,"Sir Lancelot du Lac, Lord of Joyous Gard, Knight of the Lake",121,12,"1,658/9,949","1,854/11,589","12,046","14,051",Okiayu Ryoutarou,Shimadoriru,Earth,S,100,10%,0.83%,3%,28%,Lawful・Good,Male,"Brynhildr's Beloved, Humanoid, Male, Riding, Servant, Weak to Enuma Elish",QAABB,3,2,4,5,A,Anti-Army,
122,Archer,トリスタン,"Drustanus, Trystan, Tristram, Trischin, Child of Sadness",122,12,"1,622/9,735","1,862/11,637","11,787","14,110",Uchiyama Kouki,Morii Shizuki,Earth,S,145,8.1%,0.58%,3%,31.5%,Lawful・Good,Male,"Humanoid, Male, Servant, Weak to Enuma Elish",QQAAB,4,3,5,6,A,Anti-Army,7
123,Saber,ガウェイン,"Holy Sword of the Sun (太陽の聖剣, Taiyō no Seiken?)Knight of the Sun, White Knight of the Round Table",123,12,"1,695/10,173","1,827/11,419","12,317","13,845",Mizushima Takahiro,Wada Arco,Earth,Linear,102,10%,1.14%,3%,21%,Lawful・Good,Male,"Brynhildr's Beloved, Humanoid, Male, Riding, Servant, Weak to Enuma Elish",QABBB,2,2,1,5,A+,Anti-Army,4
124,Assassin,静謐のハサン,Mary,124,7,"1,232/6,636","1,675/9,310","8,981","12,623",Senbongi Sayaka,Nakahara,Man,Semi Reverse S,102,25.6%,0.53%,4%,44%,Lawful・Evil,Female,"Female, Humanoid, Servant, Weak to Enuma Elish",QQAAB,3,3,4,5,C,Anti-Unit,1
125,Archer,俵藤太,"Fujiwara no Hidesato (藤原秀郷?), Tawara no Touta",125,7,"1,306/7,032","1,764/9,800","9,517","13,287",Suzumura Kenichi,Simosi,Man,Semi S,150,7.8%,0.57%,3%,36%,Neutral・Good,Male,"Brynhildr's Beloved, Humanoid, Male, Servant, Weak to Enuma Elish",QAABB,2,3,1,5,B,Anti-Army,3
126,Saber,ベディヴィエール,"The Silver Arm (銀色の腕, Gin'iro no Ude?)Lucius, The Shining Airgetlám",126,7,"1,416/7,627","1,727/9,595","10,322","13,009",Miyano Mamoru,Sky Sphere,Star,S,100,10.2%,1.11%,3%,28%,Lawful・Good,Male,"Brynhildr's Beloved, Humanoid, Male, Riding, Servant, Weak to Enuma Elish",QQABB,2,2,1,5,C,Anti-Unit,2
127,Caster,レオナルド・ダ・ヴィンチ,"Universal Genius (万能の天才), Da Vinci-chan (ダ・ヴィンチちゃん), Shopkeeper",127,16,"1,637/10,598","2,091/14,259","11,601","15,621",Sakamoto Maaya,Simosi,Star,Semi S,50,10.8%,0.54%,3%,34.5%,Chaotic・Good,Female,"Female, Humanoid, Servant, Weak to Enuma Elish",QAAAB,4,3,1,4,EX,Anti-UnitAnti-Army,1
128,Lancer,玉藻の前; タマモちゃんサマー,"Summer Tamamo-chan, Tamamo Shark",128,16,"1,657/10,726","2,221/15,147","11,741","16,594",Saito Chiwa,Wada Arco,Sky,Linear,91,12.2%,1.05%,4%,40%,Neutral・Summer,Female,"Divine, Female, Humanoid, Riding, Servant, Weak to Enuma Elish",QQABB,4,2,3,4,C,Anti-Unit,4
129,Archer,アルトリア・ペンドラゴン,"Archuria, Squirtoria",129,16,"1,742/11,276","2,134/14,553","12,343","15,943",Kawasumi Ayako,Takeuchi Takashi,Earth,Linear,153,8%,0.59%,3%,25.8%,Lawful・Good,Female,"Arthur, Dragon, Female, Humanoid, King, Saberface, Servant, Weak to Enuma Elish",QQAAB,4,3,3,5,A,Anti-Unit,10
130,Caster,マリー・アントワネット,130,12,"1,510/9,060","1,824/11,404","10,970","13,827",Taneda Risa,Ginka,Man,Reverse S,50,10.9%,0.32%,3%,36%,Lawful・Good,Female,"Female, Humanoid, Servant, Weak to Enuma Elish",QAAAB,3,5,1,4,A,Anti-ArmyAnti-Populace,3,None
131,Archer,アン・ボニー＆メアリー・リード,131,12,"1,574/9,446","1,843/11,521","11,437","13,969","Nonaka Ai, Kawasumi Ayako",I-IV,Man,Semi S,153,8.1%,0.85%,3%,40.5%%,Chaotic・Neutral,Female,"Female, Humanoid, Servant, Weak to Enuma Elish",QAABB,3,2,1,5,C++,Anti-Unit,9,None
132,Rider,モードレッド,"Miss Surfer Mor, Miss Su-Mor",132,12,"1,535/9,212","1,824/11,400","11,154","13,822",Sawashiro Miyuki,Konoe Ototsugu,Earth,Semi Reverse S,204,9.2%,0.71%,3%,35%,Chaotic・Good,Female,"Dragon, Female, Humanoid, Saberface, Servant, Weak to Enuma Elish",QQAAB,3,2,1,4,A,Anti-Wave,5
133,Assassin,スカサハ,133,12,"1,508/9,049","1,786/11,168","10,956","13,541",Noto Mamiko,Koyama Hirokazu,Star,Linear,98,25.6%,0.71%,4%,44%,Neutral・Good,Female,"Female, Humanoid, King, Servant, Weak to Enuma Elish",QQQAB,3,3,3,5,B+,Anti-UnitAnti-Army,5,None
134,Lancer,清姫〔ランサー〕,134,12,"1,489/8,936","1,899/11,870","10,820","14,392",Taneda Risa,BLACK,Earth,Linear,92,12%,1.05%,4%,40%,Chaotic・Evil,Female,"Dragon, Female, Humanoid, Servant, Weak to Enuma Elish",QQABB,2,2,6,5,A,Anti-Unit,6,None
135,Ruler,マルタ,Saint Martha (Ruler),135,12,"1,591/9,546","1,800/11,250","11,558","13,640",Hayami Saori,Sakamoto Mineji,Man,Linear,102,10%,0.76%,3%,21%,Lawful・Good,Female,"Female, Humanoid, Servant, Weak to Enuma Elish",QABBB,4,3,1,5,A,Anti-UnitAnti-Dragon,10
136,Caster,イリヤスフィール・フォン・アインツベルン,Illya,136,16,"1,677/10,857","2,027/13,825","11,885","15,146","Kadowaki Mai, Takano Naoko",Hiroyama Hiroshi,Man,Reverse S,51,10.7%,0.32%,3%,42%,Neutral・Good,Female,"Female, Humanoid, Illya, Living Human, Pseudo-Servants, Servant, Weak to Enuma Elish",QAAAB,3,5,1,5,A+,Anti-Unit,4
137,Archer,クロエ・フォン・アインツベルン,Kuro,137,12,"1,640/9,845","1,746/10,914","11,920","13,239",Saito Chiwa,Hiroyama Hiroshi,Sky,Reverse S,148,8%,0.38%,3%,36%,Chaotic・Good,Female,"Female, Humanoid, Living Human, Servant, Weak to Enuma Elish",QQAAB,3,6,2,4,C,Anti-Unit,6
138,Saber,エリザベート・バートリー〔ブレイブ〕,"Brave-Eliza, Elizabeth Bathory (Brave)",138,12,"1,649/9,899","1,799/11,248","11,986","13,638",Ookubo Rumi,Wada Arco,Earth,Reverse S,100,9.9%,0.55%,3%,28%,Chaotic・Good,Female,"Dragon, Female, Humanoid, Servant, Weak to Enuma Elish",QAABB,4,3,1,5,B,Anti-Army,7
139,Assassin,クレオパトラ,The Last Pharaoh,139,16,"1,713/11,088","1,965/13,402","12,138","14,682",Kugimiya Rie,Komatsuzaki Rui,Man,Linear,98,25.5%,1.06%,4%,49.5%,Lawful・Neutral,Female,"Divine, Female, Humanoid, King, Servant, Weak to Enuma Elish",QQABB,4,2,3,6,A,Anti-Army,5
140,Lancer,ヴラド三世〔EXTRA〕,"Vlad the Impaler, Vlad Ţepeş, Count Dracula",140,12,"1,462/8,775","2,080/13,005","10,625","15,769",Egawa Hisao,Wada Arco,Man,S,88,11.6%,1.1%,4%,24%,Lawful・Good,Male,"Humanoid, King, Male, Servant, Weak to Enuma Elish",QQABB,3,2,3,5,C,Anti-Army,6
141,Lancer,ジャンヌ・ダルク・オルタ・サンタ・リリィ,Joan of Arc,141,12,"1,543/9,261","1,899/11,870","11,213","14,392",Sakamoto Maaya,Takeuchi Takashi,Man,Reverse S,92,12.1%,0.72%,4%,28%,Chaotic・Good,Female,"Female, Humanoid, Saberface, Servant, Weak to Enuma Elish",QQABB,3,3,1,5,A+,Anti-Army,5
142,Archer,イシュタル,"Goddess of Venus (金星の女神, Kinsei no Megami?)Inanna, Mistress of Heaven, Tohsaka Rin (遠坂凛, Tōsaka Rin?)",142,16,"1,893/12,252","2,048/13,965","13,412","15,299",Ueda Kana,Morii Shizuki,Sky,Linear,153,8%,0.45%,3%,22.5%,Lawful・Good,Female,"Divine, Female, Humanoid, Living Human, Pseudo-Servant, Servant, Weak to Enuma Elish",QAABB,4,4,1,7,A++,Anti-Mountain,3
143,Lancer,エルキドゥ,"Chains of Heaven (天の鎖, Ten no Kusari?)",143,16,"1,666/10,780","2,244/15,300","11,800","16,762",Kobayashi Yū,Morii Shizuki,Sky,Reverse S,90,12%,0.53%,4%,28%,True Neutral,Unknown,"Humanoid, Servant, Weak to Enuma Elish",QQQAB,4,5,1,6,A++,Anti-Purge,5
144,Rider,ケツァル・コアトル,"Feathered Serpent, Winged Serpent, Great Firebird of the Sun, Wind of Mesoamerica, Kukulkan, Kuku, Coatl",144,16,"1,854/12,001","1,900/12,960","13,137","14,198",Endou Aya,Hiroe Rei,Sky,Linear,205,9%,0.9%,3%,25%,Lawful・Good,Female,"Divine, Female, Humanoid, King, Riding, Servant, Weak to Enuma Elish",QAABB,3,2,3,5,A,Anti-UnitAnti-Fortress,1
145,Caster,ギルガメッシュ,"Sovereign of Magic Wands (魔杖の支配者, Majō no Shihai-sha?)Sage King",145,12,"1,410/8,460","1,920/12,005","10,243","14,556",Seki Tomokazu,Ginka,Man,Semi S,51,10.9%,0.32% 0.16%,3%,42%,Lawful・Good,Male,"Brynhildr's Beloved, Divine, Humanoid, King, Male, Servant, Weak to Enuma Elish",QAAAB,2,5,6,5,B,Anti-Army ~ Anti-Fortress,10
146,Lancer,"メドゥーサ, アナ","Medusa Lily, Anna, Ana",146,12,"1,375/8,253","2,099/13,119","9,993","15,907",Asakawa Yuu,BLACK,Earth,Semi Reverse S,89,12.2%,0.44%,4%,40%,Neutral・Good,Female,"Divine, Female, Humanoid, Servant, Weak to Enuma Elish",QQAAB,3,4,1,5,B,Anti-Unit,8
147,Avenger,ゴルゴーン,Medusa,147,12,"1,784/10,706","1,631/10,197","12,963","12,364",Asakawa Yuu,Simosi,Earth,S,29,6%,0.37%,5%,7%,Chaotic・Evil,Female,"Female, Humanoid, Servant, Weak to Enuma Elish",QAABB,3,5,3,5,A,Anti-Army,3
148,Lancer,ジャガーマン,"Jaguar Warrior (NA), Fujimura Taiga (藤村大河, Fujimura Taiga?)",148,7,"1,304/7,022","1,726/9,593","9,503","13,007",Itō‏‎ Miki,Aotsuki Takao,Earth,Semi Reverse S,90,12%,1.05%,4%,40%,Chaotic・Neutral,Female,"Beast, Divine, Female, Humanoid, Living Human, Pseudo-Servant, Servant, Weak to Enuma Elish",QQABB,2,2,4,6,B,Anti-Unit,2
149,Beast II,ティアマト,Beast II,149,16,"2,101 / 13,596","2,745 / 18,720","14,883","20,509",Yūki Aoi,Yamanaka Kotetsu,Beast,Linear,104,9.9%,0%,0%,11%,Chaotic・Evil,Female,"Divine, Female (Femme Fatale), Super Large (Dragonoid)",QAABB,1,1,1,1,—,—,1
150,Caster,マーリン,Magus of Flowers,150,16,"1,629/10,546","2,091/14,259","11,544","15,621",Sakurai Takahiro,Taiki,Earth,Semi S,49,10.8%,0.81%,3%,36%,Lawful・Good,Male,"Humanoid, Male, Servant, Weak to Enuma Elish",QAAAB,3,2,5,6,C,Anti-Unit,－
151,Saber,宮本武蔵; 新免武蔵守藤原玄信,"Flower of Tengen (天元の花, Tengen no Hana?), Shinmen Musashi no Kami Fujiwara no HarunobuBennosuke (弁之助), Niten Dōraku (二天道楽), Shinmen Takezō",153,16,"1,860/12,037","1,999/13,635","13,176","14,938",Sakura Ayane,Koyama Hirokazu,Man,Linear,100,10%,0.87%,3%,35%,Chaotic・Good,Female,"Female, Humanoid, Servant, Weak to Enuma Elish",QABBB,3,3,2,4,A,Anti-Unit,7
152,Assassin,"""山の翁""","King Hassan, First Hassan",154,16,"1,831 / 11,848","1,956 / 13,338","12,969","14,612",Nakata Jouji,Ryota-H,Man,S,98,25.5%,1%,4%,49.5%,Lawful・Evil,Male,"Brynhildr's Beloved, Humanoid, Servant, Male, Weak to Enuma Elish",QABBB,5,3,1,6,C,Anti-Unit,1
153,Berserker,謎のヒロインＸ〔オルタ〕,"MHX Alter, MHXA, Ecchan",155,16,"1,717 / 11,113","2,079 / 14,175","12,165","15,529",Kawasumi Ayako,BUNBUN,Star,Semi S,9,5%,1.07%,5%,37.3%,Neutral・Evil,Female,"Arthur, Dragon, Female, Humanoid, King, Saberface, Servant",QQABB,3,2,4,5,A+,Anti-Unit,9
154,Archer,ジェームズ・モリアーティ,"Archer of Shinjuku (新宿のアーチャー?), Professor Moriarty, The Napoléon of Crime",156,16,"1,820/11,781","2,007/13,685","12,896","14,992",Hashi Takaya,Honjou Raita,Man,Semi S,153,8%,0.38%,3%,31.5%,Chaotic・Evil,Male,"Humanoid, Male, Servant, Weak to Enuma Elish",QAAAB,3,4,5,6,A+,Anti-Army,12
155,Archer,エミヤ〔オルタ〕,"Emiya Shirou (衛宮士郎, Emiya Shirō?), Detroit Emiya, Demiya, Edgemiya, Edgy Emiya",157,12,"1,499/8,996","1,960/12,250","10,892","14,853",Suwabe Junichi,Sasaki Shonen,Man,Linear,145,7.9%,0.43%,3%,31.5%,Chaotic・Evil,Male,"Humanoid, Male, Servant, Weak to Enuma Elish",QQAAB,4,4,4,5,E～A,Anti-Unit,10
156,Avenger,ヘシアン・ロボ,"Avenger of Shinjuku (新宿のアヴェンジャー?), Rider of Shinjuku (新宿のライダー?), King of Currumpaw (Wolf), Hesse",158,12,"1,771/10,628","1,591/9,949","12,868","12,063",Takeuchi Ryouta,Simosi,Earth,Semi S,29,6%,0.79%,5%,10%,Chaotic・Evil,Male,"Beast, Humanoid, Male, Servant, Weak To Enuma Elish",QQAAB,3,2,2,5,C,Anti-Unit,8
157,Assassin,燕青,"Assassin of Shinjuku (新宿のアサシン?), Langzi (Wanderer / Prodigal), Ensei, Shinshin-san, Doppelgänger",159,12,"1,443/8,661","1,862/11,637","10,487","14,110",Okamoto Nobuhiko,Shimaudon,Man,Semi Reverse S,100,25.6%,0.71%,4%,49.5%,Chaotic・Evil,Male,"Brynhildr's Beloved, Humanoid, Male, Servant, Weak to Enuma Elish",QQQAB,3,3,1,5,A,Anti-Unit,11
158,Saber,アーサー・ペンドラゴン〔プロトタイプ〕,"Knight, Proto Saber, King of Knights, King Arthur",160,16,"1,926/12,465","2,049/13,975","13,645","15,310",Sakurai Takahiro,Nakahara,Earth,Linear,100,10%,0.84%,3%,24.5%,Lawful・Good,Male,"Arthur, Brynhildr's Beloved, Dragon, Humanoid, King, Male, Riding, Servant, Weak to Enuma Elish",QAABB,3,2,1,5,EX,???,3
159,Berserker,土方歳三,"Hijikata Toshizou, Demon of the Battlefield; Berserker of Bakumatsu Period; Vice Captain of Shinsengumi",161,16,"1,868/12,089","1,764/12,028","13,234","13,178",Hoshino Takanori,Yogo Yū‏‎ki,Man,Linear,9,4.9%,1.08%,5%,65%,Lawful・Evil,Male,"Humanoid, Male, Servant, Weak to Enuma Elish",QQABB,3,2,2,3,C+,Anti-Unit,5
160,Berserker,茶々,Yodo-dono (淀殿?),162,12,"1,490/8,945","1,764/11,025","10,831","13,368",Asumi Kana,pako,Man,Semi Reverse S,10,4.9%,1.03%,5%,52%,Chaotic・Neutral,Female,"Female, Humanoid, Servant, Weak to Enuma Elish",QABBB,3,2,5,4,C,Fortress,8
161,Alter Ego,メルトリリス,"Alter Ego S, Meltryllis, Artemis, Lotan, Sarasvati",163,16,"1,807/11,692","1,965/13,402","12,799","14,682",Hayami Saori,Wada Arco,Earth,Linear,100,10.2%,0.92%,4%,30%,Lawful・Good,Female,"Divine, Female, Humanoid, Riding, Servant, Weak to Enuma Elish",QQABB,4,2,1,6,EX,Anti-Personnel,8
162,Alter Ego,パッションリップ,"Alter Ego M, Parvati, Brynhildr, Durga",164,12,"1,716/10,299","1,744/10,901","12,470","13,217",Ogura Yui,Wada Arco,Earth,Semi Reverse S,97,9.9%,0.77%,4%,35%,Lawful・Neutral,Female,"Divine, Female, Humanoid, Servant, Weak to Enuma Elish",QABBB,4,3,1,5,C,Anti-Unit,12
163,Saber,鈴鹿御前,"Tate Eboshi, JK Saber",165,12,"1,590/9,544","1,880/11,753","11,556","14,250",Touyama Nao,Takenoko Seijin,Sky,Semi S,100,10.2%,0.57%,3%,21%,Neutral・Evil,Female,"Divine, Female, Humanoid, Riding, Servant, Weak to Enuma Elish",QAABB,3,3,3,4,B+,Anti-Army,10
164,Moon Cancer,BB,Mysterious Black Magus,166,12,"1,366/8,197","2,182/13,643","9,925","16,542",Shitaya Noriko,Wada Arco,Man,Linear,52,14.7%,0.61%,3%,0.6%,Chaotic・Good,Female,"Female, Humanoid, Servant, Weak to Enuma Elish",QQAAB,4,3,1,4,A,Anti-Unit,5
165,Alter Ego,殺生院キアラ,"Sessyoin Kiara, Sesshouin Kiara, Demonic Bodhisattva, Last Prophet, Beast III/R",167,16,"1,803/11,668","2,142/14,606","12,772","16,001",Tanaka Rie,Wada Arco,Beast,Semi S,97,10%,0.55%,4%,25%,Chaotic・Evil,Female,"Female, Humanoid, Servant, Weak to Enuma Elish",QAABB,3,3,1,5,EX,Anti-Unit,3
166,Caster,シェヘラザード,"Caster of Nightless City (不夜城のキャスター?), Shahrazad (Persian)",169,16,"1,423/9,212","2,324/15,846","10,084","17,360",Inoue Kikuko,Namaniku ATK (Nitroplus),Man,Semi S,52,10.8%,0.51%,3%,48%,Lawful・Neutral,Female,"Female, Humanoid, Servant, Weak to Enuma Elish",QAAAB,4,3,4,4,EX,Anti-King,5
167,Assassin,武則天,"Assassin of Nightless City (不夜城のアサシン?), Fūyā-chan, Nite Brite",170,12,"1,496/8,981","1,750/10,942","10,874","13,267",Izawa Shiori,Harada Takehito,Man,Reverse S,102,25.5%,0.87%,4%,38.5%,Lawful・Evil,Female,"Female, Humanoid, King, Servant, Weak to Enuma Elish",QQABB,3,3,3,3,B,Anti-Unit,4
168,Berserker,ペンテシレイア,"Berserker of El Dorado (エルドラドのバーサーカー?), Amazoness CEO",171,12,"1,750/10,502","1,628/10,175","12,716","12,337",Shimamura Yuu‏‎,Shinjirō,Earth,Linear,10,4.9%,1.07%,5%,39%,Lawful・Good,Female,"Divine, Female, Humanoid, King, Servant, Weak to Enuma Elish",QABBB,3,2,2,5,B,Anti-Unit,8
169,Rider,クリストファー・コロンブス,"Rider of Resistance (レジスタンスのライダー?), Cristoforo Colombo, Cristóbal Colón",172,7,"1,216/6,552","1,728/9,600","8,867","13,016",Ootsuka Houchuu,Moto Murabito,Man,Linear,208,8.9%,0.55%,3%,50%,Neutral・Evil,Male,"Humanoid, Male, Riding, Servant, Weak to Enuma Elish",QAABB,3,3,4,5,A,Anti-Army,5
170,Ruler,シャーロック・ホームズ,"The One who Illuminates the Truth (真実を照らす者, Shinjitsu wo Terasu mono?), Holmes",173,16,"1,776/11,495","1,960/13,365","12,583","14,642",Mizushima Takahiro,Yamanaka Kotetsu,Star,Linear,100,10%,0.76%,3%,24.5%,Neutral・Good,Male,"Humanoid, Male, Servant",QQAAB,3,3,4,5,B,Anti-UnitAnti-World,－
171,Berserker,ポール・バニヤン,Berserker of Learning with Manga,174,3,"1,099/6,044","1,239/6,196","9,391","9,551",Omigawa Chiaki,Riyo,Earth,Semi Reverse S,9,4.9%,0.67%,5%,65%,True Neutral,Female,"Female, Giant, Humanoid, Servants, Weak to Enuma Elish",QABBB,3,3,3,4,A,Anti-Army,2
172,Caster,ネロ・クラウディウス,175,16,"1,677/10,857","2,007/13,685","11,885","14,992",Tange Sakura,Wada Arco,Man,S,51,11.1%,0.40%,3%,42%,Chaotic・Summer,Female,"Female, Humanoid, King, Riding, Roman, Saberface, Servant, Weak to Enuma Elish",QAABB,4,6,2,6,A,Anti-Army,5,None
173,Saber,フランケンシュタイン,176,12,"1,558/9,353","1,919/11,993","11,325","14,541",Nonaka Ai,Okazaki Takeshi,Earth,Linear,102,9.9%,0.70%,3%,31.5%,Neutral・Summer,Female,"Female, Humanoid, Riding, Servant, Weak to Enuma Elish",QQABB,3,4,5,5,D~B,Anti-Unit,5,None
174,Assassin,ニトクリス,177,12,"1,468/8,812","1,843/11,518","10,670","13,965",Tanaka Minami,Shimaudon,Sky,Reverse S,102,25%,0.78%,3%,33%,Lawful・Good,Female,"Divine, Female, Humanoid, King, Servant, Weak to Enuma Elish",QQAAB,3,2,1,4,B,Anti-Army,3,None
175,Berserker,織田信長,178,12,"1,691/10,146","1,603/10,023","12,285","12,153",Kugimiya Rie,pako,Man,S,10,5.0%,0.93%,5.00%,52%,Chaotic・Summer,Female,"Female, Humanoid, King, Servant, Weak to Enuma Elish",QABBB,3,2,6,5,E~EX,Anti-Divine,12,None
176,Rider,アルトリア・ペンドラゴン〔オルタ〕,"Maid Alter, Demonic Chief Maid, King of Maids",179,16,"1,665/10,776","2,090/14,256","11,796","15,618",Kawasumi Ayako,Takeuchi Takashi,Man,Linear,200,9%,0.59%,3%,30%,Lawful・Evil,Female,"Arthur, Dragon, Female, Humanoid, King, Riding, Saberface, Servant, Weak to Enuma Elish",QQAAB,3,3,2,5,A,Anti-Army,6
177,Archer,エレナ・ブラヴァツキー,Elena Blavatsky,180,12,"1,574/9,446","1,824/11,404","11,437","13,827",Kanemoto Hisako,MatsuRyuu,Man,Linear,153,8%,0.38%,3%,27%,Chaotic・Good,Female,"Female, Humanoid, Servant, Weak to Enuma Elish",QQAAB,3,5,1,3,B+,Anti-Army,4
178,Lancer,源頼光,"Minamoto no Yorimitsu, Minamoto no Raikou",181,12,"1,528/9,168","1,938/12,112","11,100","14,686",Tomatsu Haruka,Honjou Raita,Sky,Linear,89,11.8%,0.75%,4.00%,24%,Lawful・Good,Female,"Divine, Female, Humanoid, Riding, Servant, Weak to Enuma Elish",QQABB,3,4,1,5,A+,Anti-Unit,
179,Rider,イシュタル,"Inanna, Mistress of Heaven, Tohsaka Rin (遠坂凛, Tōsaka Rin?)",182,12,"1,600/9,603","1,710/10,692","11,627","12,964",Ueda Kana,Morii Shizuki,Sky,Reverse S,200,9%,0.68%,3%,35%,Lawful・Good,Female,"Divine, Female, Humanoid, Living Human, Pseudo-Servant, Riding, Servant, Weak to Enuma Elish",QQAAB,2,3,5,3,EX,Anti-Unit,4
180,Lancer,パールヴァティー,"Pārvatī, Matou Sakura (間桐桜, Matō Sakura?)",183,12,"1,354/8,127","2,120/13,253","9,840","16,069",Shitaya Noriko,Aotsuki Takao,Sky,Semi-S,90,11.8%,1.08%,4%,28%,Lawful・Good,Female,"Divine, Female, Humanoid, Living Human, Pseudo-Servant, Servant, Weak to Enuma Elish",QQABB,3,2,3,5,EX,Anti-Army,4
181,Archer,巴御前,Archer Inferno (アーチャー・インフェルノ?),184,12,"1,657/9,946","1,728/10,804","12,043","13,100",Kanemoto Hisako,Shirabi,Earth,S,153,7.9%,0.87%,3%,31.5%,True Neutral,Female,"Demonic, Female, Humanoid, Servant, Weak to Enuma Elish",QAABB,3,2,2,5,B,Anti-Unit,1
182,Assassin,望月千代女,Assassin Paraíso (アサシン・パライソ?),185,12,"1,418/8,510","1,862/11,637","10,304","14,110",Sakura Ayane,Hiroyama Hiroshi,Earth,Linear,99,25.5%,0.8%,4%,44%,Chaotic・Evil,Female,"Female, Humanoid, Servant, Weak to Enuma Elish",QQAAB,3,2,3,4,C,Anti-Unit,5
183,Lancer,宝蔵院胤舜,"Lancer Purgatorio (ランサー・プルガトリオ?), Houzouin Inshun",186,7,"1,261/6,791","1,799/9,996","9,191","13,553",Namikawa Daisuke,MatsuRyuu,Man,Reverse-S,90,12.2%,1.06%,4%,36%,True Neutral,Male,"Brynhildr's Beloved, Humanoid, Male, Servant, Weak to Enuma Elish",QQQAB,3,2,2,4,C,Anti-Unit,－
184,Saber,柳生但馬守宗矩,"Saber Empíreo, Yagyuu Munenori, Ryūtan, Yagyū Tajima-no-Kami Munenori",187,12,"1,666/9,999","1,781/11,135","12,107","13,501",Yamaji Kazuhiro,Furumi Shouichi,Man,Linear,100,10.3%,0.81%,3%,35%,Lawful・Neutral,Male,"Brynhildr's Beloved, Humanoid, Male, Riding, Servant, Weak to Enuma ElishEnemy Ver. Traits: Human",QAABB,4,2,1,4,A,Anti-Unit Secret Technique,4
185,Assassin,加藤段蔵,"Katou Danzou, Katou ""Black Kite"" Danzo, Flying Katou, Kite Katou",188,12,"1,489/8,935","1,768/11,055","10,818","13,404",Akesaka Satomi,Soga Makoto,Earth,Semi-Reverse S,100,25.5%,0.71%,4%,44%,True Neutral,Female,"Female, Humanoid, Servant, Weak to Enuma Elish",QQABB,4,3,2,5,C,Anti-Beast,3
186,Assassin,刑部姫,Okki,189,16,"1,672/10,824","2,027/13,822","11,849","15,143",Fukuen Misato,Moriyama Daisuke,Earth,Linear,102,24.6%,0.83%,4%,31.6%,Chaotic・Neutral,Female,"Divine, Female, Humanoid, Servant, Weak to Enuma Elish",QQAAB,4,2,3,5,A+,Anti-Fortress (Self),－
187,Alter Ego,メカエリチャン,Magus Aegis Elizabeth Channel,190,12,"1,666/9,997","1,744/10,901","12,104","13,217",Ookubo Rumi,Wada Arco,Man,Linear,97,9.7%,0.9%,4%,50%,Lawful・Good,Female,"Female, Humanoid, Servant, Threat to Humanity, Weak to Enuma Elish",QABBB,4,3,2,4,B,Anti-Army Individual,8
188,Alter Ego,メカエリチャンⅡ号機,"Magus Aegis Elizabeth Channel II, MK.II",191,12,"1,666/9,997","1,744/10,901","12,104","13,217",Ookubo Rumi,Wada Arco,Man,Linear,97,9.7%,0.9%,4%,50%,Lawful・Good,Female,"Female, Humanoid, Servant, Threat to Humanity, Weak to Enuma Elish",QABBB,4,3,2,4,B,Anti-Army Individual,8
189,Caster,キルケー,Caster of Okeanos (オケアノスのキャスター?),192,12,"1,445/8,671","1,960/12,250","10,499","14,853",Akaneya Himika,Hidari,Sky,Reverse S,51,10.8%,0.39%,3%,34.5%,Chaotic・Neutral,Female,"Argo-Related, Female, Humanoid, Servant, Weak to Enuma Elish",QAAAB,3,3,2,4,C,Anti-Unit,5
190,Lancer,哪吒,"Nata, Nataku",193,12,"1,547/9,284","1,938/12,112","11,241","14,686",Ogura Yui,Aotsuki Takao,Sky,Linear,91,12.2%,0.72%,4%,28%,Neutral・Good,Female,"Female, Servant, Humanoid, Weak to Enuma ElishEnemy Ver. Traits: Divine",QQABB,4,3,3,4,A,Anti-Army,3
191,Caster,シバの女王,"Caster of Midrash (ミドラーシュのキャスター?), Bilqis, Makeda",194,12,"1,438/8,629","1,940/12,127","10,354","14,704",Satou Satomi,Katou Itsuwa,Man,Semi Reverse S,51,10.8%,0.81%,3%,36%,Neutral・Good,Female,"Female, Humanoid, King, Servant, Weak to Enuma Elish",QAABB,4,3,4,5,B,Anti-Unit,5
192,Foreigner,アビゲイル・ウィリアムズ,"The Key to the Gate, Sut-Typhon, Yog-Sothoth, All-in-One, One-in-All, Abby",195,16,"1,870/12,100","2,019/13,770","13,245","15,086",Ōwada Hitomi,Kuroboshi Kouhaku,Earth,Semi S,148,14.8%,0.25%,3%,7%,Chaotic・Evil,Female,"Divine, Female, Humanoid, Servant, Threat to Humanity",QAAAB,4,6,4,5,EX,Anti-Unit,4
193,Lancer,エレシュキガル,"The Goddess of the Netherworld, Tohsaka Rin (遠坂凛, Tōsaka Rin?)",196,16,"1,598/10,343","2,356/16,065","11,322","17,600",Ueda Kana,Morii Shizuki,Earth,Semi-S,90,11.8%,0.54%,4%,28%,Chaotic・Evil,Female,"Divine, Female, Humanoid, King, Pseudo-Servant, Servant, Weak to Enuma Elish",QQABB,4,6,1,4,A,Anti-Mountain,5
194,Archer,アルテラ・ザ・サン〔タ〕,"Attila Santa, Etzel, Santera",197,12,"1,626/9,759","1,862/11,637","11,816","14,110",Noto Mamiko,huke,Star,Linear,153,8.1%,0.59%,3%,27%,Chaotic・Good,Female,"Divine, Female, Humanoid, King, Riding, Servant",QQAAB,3,3,3,4,EX,Anti-World,10
195,Foreigner,葛飾北斎,"Katsushika Oui (葛飾 応為, Katsushika Ōi?, Daughter); Tokitarō, Toto-sama, Extraterrestrial Octopus, Darusen, The Old Man Mad About Art Manji (画狂老人卍, Gakyō Rōjin Manji?, Last renamed name), Cthulhu",198,16,"1,870/12,100","1,940/13,230","13,245","14,494",Yukana Nogami,Kuroboshi Kouhaku,Man,S,153,15%,0.33%,3%,7%,Chaotic・Neutral,Female,"Divine, Female, Humanoid, Servant, Threat to Humanity, Weak to Enuma Elish",QAABB,4,6,4,4,A,Anti-Army,5
196,Assassin,セミラミス,"Empress of Assyria (アッシリアの女帝, Asshiria no Jotei?)Assassin of Red",199,16,"1,747/11,309","1,945/13,266","12,379","14,533",Shindou Kei,Konoe Ototsugu,Earth,S,102,24.7%,0.39%,4%,33%,Lawful・Evil,Female,"Divine, Female, Humanoid, King, Servant, Weak to Enuma Elish",QAAAB,4,4,4,5,EX,Anti-World,5
197,Archer,浅上藤乃,Fujinon,200,12,"1,716/10,299","1,764/11,025","12,470","13,368",Noto Mamiko,Takeuchi Takashi,Man,Reverse S,148,7.9%,0.59%,3%,27%,Lawful・Evil,Female,"Female, Humanoid, Living Human, Pseudo-Servants, Servant",QAABB,3,3,3,5,EX,Anti-World,3
198,Caster,アナスタシア・ニコラエヴナ・ロマノヴァ,"Grand Duchess of Russia, Grand Duchess of the Beast Nation (獣国の皇女?)",201,16,"1,629/10,546","2,091/14,259","11,544","15,621",Hara Yumi,sime,Man,S,49,10.8%,0.51%,3%,36%,True Neutral,Female,"Female, Humanoid, Servant, Weak to Enuma Elish",QAAAB,4,3,3,5,EX,Spiritual,4
199,Berserker,アタランテ〔オルタ〕,202,12,"1,634/9,806","1,701/10,634","11,873","12,894",Hayami Saori,Konoe Ototsugu,Earth,Linear,9,5.1%,1.05%,5%,45.5%,Chaotic・Evil,Female,"Argo-Related, Beast, Female, Humanoid, Servant, Weak to Enuma Elish",QQABB,3,2,3,5,A,Anti-Unit,5,None
200,Caster,アヴィケブロン,"Golem Master (ゴーレムマスター, Gōremu Masutā?)Solomon ibn Gabirol, Caster of Black",203,7,"1,184/6,376","1,796/9,981","8,629","13,533",Miyamoto Mitsuru,Konoe Ototsugu,Man,S,50,10.7%,0.61%,3%,36%,Lawful・Neutral,Male,"Humanoid, Male, Servant, Weak to Enuma Elish",QAAAB,4,2,4,5,A+,Anti-Army,3
201,Avenger,アントニオ・サリエリ,"Man in Grey, Amadeus Alter",204,7,"1,509/8,125","1,411/7,840","10,996","10,630",Seki Toshihiko,PFALZ,Earth,Linear,30,6.1%,0.7%,5%,8%,Chaotic・Evil,Male,"Brynhildr's Beloved, Humanoid, Male, Servant, Weak to Enuma Elish",QAABB,3,2,3,5,C,Anti-Army,3
202,Rider,イヴァン雷帝,Ivan Vasilyevich; Ivan Grozny; Thunderous Emperor; Ivan IV; Ivan the Formidable; Ivan the Fearsome; Grand Prince of Moscow,205,16,"1,795/11,619","1,948/13,284","12,719","14,553",Kuroda Takaya,danciao,Man,Reverse S,200,8.9%,0.62%,3%,40%,Lawful・Evil,Male,"Beast, Giant, Humanoid, King, Male, Riding, Servant, Weak to Enuma Elish",QAABB,4,3,2,4,A+,Anti-Unit,5
203,Rider,アキレウス,"The Swift Hero (駿足の英雄, Shunsoku no Eiyū?)Rider of Red, Achilleus",206,16,"1,836/11,883","1,938/13,219","13,008","14,482",Furukawa Makoto,Konoe Ototsugu,Earth,Reverse S,196,9.1%,0.57%,3%,40%,Lawful・Neutral,Male,"Brynhildr's Beloved, Divine, Greek Mythology Males, Humanoid, Male, Riding, Servant, Weak to Enuma Elish",QQAAB,4,3,2,4,A+,Anti-Army,5
204,Archer,ケイローン,"Great Sage of Centaurs (ケンタウロスの大賢者, Kentaurosu no Dai Kenja?)Archer of Black, Kheiron",207,12,"1,549/9,294","1,960/12,250","11,253","14,853",Takeuchi Shunsuke,Konoe Ototsugu,Sky,Reverse S,148,8.1,0.68%,3%,31.5%,Lawful・Good,Male,"Argo-Related, Divine, Greek Mythology Males, Humanoid, Male, Servant, Weak to Enuma Elish",QQAAB,3,3,4,5,A,Anti-Unit,4
205,Caster,ジーク,"Homunculus, Detached and Kind Dragon, Evil Dragon Fafnir",208,12,"1,399/8,394","1,806/11,288","10,163","13,686",Hanae Natsuki,Konoe Ototsugu,Man,Linear,50,10.8%,0.78%,3%,54%,Neutral・Good,Male,"Dragon, Humanoid, Male, Servant, Weak to Enuma Elish",QAABB,3,2,3,4,EX,Anti-Unit (Self),3
206,Alter Ego,沖田総司〔オルタ〕,"Majin Saber (魔セイバー?), Okita Souji (Alter), Majin・Okita Sōji (魔・沖田総司), Devil Okita Sōji Alternative (魔・沖田総司オルタナティブ)",209,16,"1,926/12,465","1,862/12,696","13,645","13,909",Yūki Aoi,Takeuchi Takashi,Man,Semi S,99,10.2%,0.77%,4%,35%,True Neutral,Female,"Brynhildr's Beloved, Female, Humanoid, Saberface, Servant, Weak to Enuma Elish",QQABB,5,3,3,5,A,Anti-World,7
207,Assassin,岡田以蔵,"Manslayer Izō (人斬り以蔵, Hitokiri Izō?), Okada Izou",210,7,"1,277/6,879","1,592/8,844","9,310","11,991",Yoshino Hiroyuki,lack,Man,Semi-Reverse S,97,25%,0.79%,4%,55%,Neutral・Evil,Male,"Humanoid, Male, Servant, Weak to Enuma Elish",QQAAB,4,2,1,5,-,Anti-Unit Mystic Sword,4
208,Rider,坂本龍馬,"Hero of Restoration (維新の英雄, Ishin no Eiyū?), Sakamoto Ryouma",211,12,"1,425/8,555","1,900/11,880","10,358","14,404","Kase Yasuyuki, Horie Yui",pako,Man,Linear,203,9%,0.56%,3%,45%,True Neutral,Male,"Brynhildr's Beloved, Divine, Humanoid, Male, Riding, Servant, Weak to Enuma Elish",QAABB,4,3,4,6,EX,Anti-Army,4
209,Archer,ナポレオン,"Man of Possibilities (可能性の男, Kanōsei no Otoko?)Napoléon Bonaparte (ナポレオン・ボナパルト), Napoléon I, Emperor of the French, King of Italy, Good Fellow of Everlasting Flame (消えぬ炎の快男児?)",212,16,"1,859/12,033","1,920/13,097","13,172","14,348",Hino Satoshi,Ryota-H,Star,Linear,150,8%,0.59%,3%,45%,Neutral・Good,Male,"Brynhildr's Beloved, Humanoid, King, Male, Servant",QAABB,3,3,1,5,A,Anti-Army,5
210,Saber,シグルド,"Siegfried, King of Warriors",213,16,"1,926/12,465","2,049/13,975","13,645","15,310",Tsuda Kenjirō,Miwa Shirō,Earth,S,97,10%,0.62%,3%,28%,Neutral・Good,Male,"Brynhildr's Beloved, Divine, Dragon, Humanoid, Male, Riding, Servant, Weak to Enuma Elish",QAABB,4,3,2,5,A+,Anti-Fortress,7
211,Lancer,ワルキューレ,"Daughters of the Great God (大神の娘たち), ヴァルキリー, Walküre, Walküre Ortlinde, Walküre Hildr, Walküre Thrúd (Þrúðr)",214,12,"1,339/8,037","2,244/14,025","9,731","17,005","Tanaka Minami, Komatsu Mikako, Amamiya Sora",Takeuchi Takashi,Sky,S,87,12%,0.86%,4%,23%,Lawful・Good,Female,"Divine, Female, Humanoid, Servant, Weak to Enuma Elish",QQABB,3,2,3,4,B,Anti-Army,7
212,Caster,スカサハ＝スカディ,"スカサハ＝スカジ, Scathach=Skadi, Scáthach (Caster), Skadi, Queen of Ice and Snow",215,16,"1,661/10,753","2,112/14,406","11,771","15,782",Noto Mamiko,Koyama Hirokazu,Sky,Linear,49,10.8%,0.67%,3%,30%,Chaotic・Good,Female,"Divine, Female, Humanoid, King, Servant, Weak to Enuma Elish",QQAAB,4,3,4,5,A+,"Anti-Army, War Declaration",－
213,Archer,ジャンヌ・ダルク,216,16,"1,626/10,525","2,309/15,743","11,521","17,247",Sakamoto Maaya,Takeuchi Takashi,Man,Linear,153,8%,0.68%,3%,36%,Lawful・Summer,Female,"Female, Humanoid, Saberface, Servant, Weak to Enuma Elish",QAABB,4,2,2,5,A+,Anti-Army,4,None
214,Lancer,茨木童子,"Ibaraki-Douji (Lancer), Banana Oni",217,12,"1,522/9,133","1,976/12,354","11,058","14,979",Touyama Nao,Hidari,Earth,Semi S,90,11.7%,1.06%,4%,36%,Chaotic・Evil,Female,"Demonic, Female, Humanoid, Servant, Weak to Enuma Elish",QQABB,4,2,4,5,B++,Anti-Barrier / Anti-Army,3
215,Assassin,牛若丸,Minamoto no Yoshitsune (源義経?),218,12,"1,576/9,456","1,692/10,580","11,449","12,828",Hayami Saori,Sakamoto Mineji,Man,Semi Reverse S,102,25.3%,0.54%,4%,38.5%,Neutral・Summer,Female,"Brynhildr's Beloved, Female, Humanoid, Riding, Servant, Weak to Enuma Elish",QQQAB,4,4,3,6,B,Anti-Army,5
216,Berserker,ジャンヌ・ダルク〔オルタ〕,Summer Jalter,219,12,"1,716/10,298","1,587/9,922","12,469","12,030",Sakamoto Maaya,Takeuchi Takashi,Man,Linear,9,5%,0.52%,5%,45.5%,Chaotic・Summer,Female,"Female, Humanoid, Saberface, Servant, Weak to Enuma Elish",QABBB,4,4,3,5,A+,Anti-Army,5
217,Moon Cancer,BB,"BB (Pele), BB-thotep, Nyarlathotep",220,16,"1,728/11,182","2,172/14,812","12,240","16,227",Shitaya Noriko,Wada Arco,Earth,S,52,14.8%,0.61%,3%,0.5%,Chaotic・Evil,Female,"Divine, Giant, Female, Servant, Super Large, Weak to Enuma ElishEnemy Ver. Traits: Threat to Humanity",QAABB,4,3,5,4,EX,Anti-World,
218,Saber,女王メイヴ,Queen Medb (Saber),221,12,"1,336/8,017","2,177/13,609","9,707","16,501",Sakura Ayane,Takayama Kisai,Earth,Reverse S,104,10%,0.72%,3%,31.5%,Chaotic・Evil,Female,"Female, Humanoid, King, Riding, Servant, Weak to Enuma Elish",QAABB,4,2,2,5,A+,Anti-Unit,6
219,Foreigner,謎のヒロインＸＸ,"MHXX, Mysterious Heroine X (Foreigner)",222,12,"1,625/9,751","1,800/11,250","11,806","13,640",Kawasumi Ayako,BUNBUN,Star,Reverse S,147,15%,0.64%,3%,10%,Lawful・Good,Female,"Arthur, Brynhildr's Beloved, Dragon, Female, Humanoid, King, Riding, Saberface, Servant",QAABB,4,3,4,4,EX,Anti-Unit,4
220,Saber,ディルムッド・オディナ,223,12,"1,674/10,048","1,818/11,362","12,166","13,776",Midorikawa Hikaru,Azusa,Earth,Linear,97,10.2%,0.73%,3%,31.5%,Lawful・Neutral,Male,"Brynhildr's Beloved, Humanoid, Male, Riding, Servant, Weak to Enuma Elish",QQABB,4,3,4,4,B,Anti-Unit,10,None
221,Alter Ego,シトナイ,"Illyasviel von Einzbern, Freyja, Louhi",224,16,"1,803/11,668","2,048/13,965","12,772","15,299",Kadowaki Mai,BLACK,Sky,Semi Reverse S,102,10.2%,0.83%,4%,25%,Chaotic・Good,Female,"Divine, Female, Humanoid, Illya, Pseudo-Servant, Servant, Weak to Enuma Elish",QAABB,4,2,3,5,EX,Spirit,6
222,Caster,酒呑童子,"Gohou Shoujo Oni-Cure (護法少女・鬼救阿おにきゅあ, Gohō Shōjo Onikyua?)",225,12,"1,589/9,538","1,764/11,025","11,549","13,368",Yūki Aoi,Honjou Raita,Earth,,50,11%,0.46%,3%,34.5%,Chaotic・Evil,Female,"Demonic, Divine, Dragon, Female, Humanoid, Servant, Weak to Enuma Elish",QAAAB,4,4,2,5,C++,Anti-Unit,13
223,Berserker,項羽,"西楚霸王, Xī Chǔ Bà Wáng, Kō U",226,16,"1,794/11,613","2,019/13,770","12,712","15,086",Kouichi Yamadera,danciao,Man,S,9,5.1%,0.51%,5%,52%,Lawful・Neutral,Male,"Giant, Humanoid, Male, Servant, Weak to Enuma Elish.Enemy Ver. Traits: Human",QABBB,6,4,3,5,C,Anti-Army,5
224,Saber,蘭陵王,"Lan Ling Wang, Prince of Lanling, Ran-ryō Ō, Gao Changgong (高长恭?)",227,12,"1,518/9,112","2,020/12,625","11,033","15,308",Mori Nanako,hou,Man,Reverse S,98,10.2%,0.65%,3%,31.5%,Lawful・Good,Male,"Brynhildr's Beloved, Humanoid, Male, Riding, Servant, Weak to Enuma Elish",QAABB,3,3,2,5,C+,Anti-Army (Encampment),－
225,Lancer,秦良玉,Shin Ryō-Gyoku,228,12,"1,382/8,295","2,142/13,387","10,043","16,231",Shitaya Noriko,Shimadoriru,Man,S,91,12.1%,0.79%,4%,36%,Lawful・Good,Female,"Brynhildr's Beloved, Humanoid, Female, Servant, Weak to Enuma Elish.Enemy Ver. Traits: Human",QQAAB,4,2,3,4,B,Anti-Personnel (Self),－
226,Ruler,始皇帝,"First Emperor, Qin Shi Huang (秦始皇?), Ying Zheng (嬴政?), Zheng, the King of Qin  (秦王政?), the Son of Heaven",229,16,"1,541 / 9,977","2,321 / 15,828","10,921","17,340",Fukuyama Jun,Toh Azuma,Man,Reverse S,100,10%,0.47%,3%,23.6%,Lawful・Good,Unknown,"Humanoid, King, Servant, Weak to Enuma ElishEnemy Ver. Traits: Human",QAABB,5,4,3,4,B+,Anti-Barrier,－
227,Assassin,虞美人,"Consort Yu, Yu the Beauty, Yu Meiren, Akuta Hinako (芥ヒナコ?)Crimson Beauty Under the Moon (紅の月下美人?), Gubijin, Gucchan, 虞妙弋",230,12,"1,328/7,970","2,142/13,389","9,650","16,234",Ise Mariya,toi8,Earth,Reverse S,97,24.7%,0.75%,4%,31.6%,Lawful・Evil,Female,"Demonic, Humanoid, Female, Servant, Weak to Enuma ElishEnemy Ver. Traits: Human",QQABB,4,4,3,4,C+,Anti-Army,5
228,Rider,赤兎馬,Sekitoba (セキトバ?),231,7,"1,194/6,434","1,886/10,483","8,708","14,214",Midorikawa Hikaru,Midorikawa Miho,Earth,Semi Reverse S,198,9%,0.57%,3%,40%,True Neutral,Male,"Beast, Brynhildr's Beloved, Humanoid, Riding, Servant, Weak to Enuma Elish",QQAAB,4,3,1,5,A,Anti-UnitAnti-Army,4
229,Lancer,ブラダマンテ,"Bradamant, Paladin of the White Feather",232,16,"1,674/10,833","2,300/15,682","11,858","17,180",Morinaga Chitose,saitom,Earth,Linear,88,12.1%,0.7%,4%,32%,Lawful・Good,Female,"Brynhildr's Beloved, Female, Humanoid, Servant, Weak to Enuma Elish",QQAAB,4,2,4,5,B,Anti-Army,5
230,Ruler,ケツァル・コアトル〔サンバ／サンタ〕,233,12,"1,614/9,687","1,809/11,306","11,729","13,708",Endou Aya,Hiroe Rei,Sky,Reverse S,104,10%,0.71%,3%,21%,Lawful・Good,Female,"Divine, Female, Humanoid, King, Servant, Weak to Enuma Elish",QQABB,4,3,4,5,A,Anti-Unit,4,None
231,Saber,紅閻魔; 舌斬り雀の紅閻魔,Tongue-Cut Sparrow Benienma,234,16,"1,793/11,607","2,047/13,960","12,706","15,294",Kuno Misaki,Harada Takehito,Earth,S,100,10.3%,0.56%,3%,24.5%,Lawful・Good,Female,"Female, Humanoid, Servant, Weak to Enuma Elish",QAABB,6,3,1,5,A,Anti-Unit,5
232,Assassin,李書文,"Royal Guard Chief (衛士長, Ēshi-chō?); Massage Expert (按摩の達人, Anma no Tatsujin?), Security Guard (警備員, Kēbiin?)",235,16,"1,772/11,470","1,843/12,568","12,556","13,769",Yasui Kunihiko,Wada Arco,Man,S,97,25.3%,0.99%,4%,55%,Neutral・Evil,Male,"Humanoid, Male, Servant, Weak to Enuma ElishEnemy Ver. Traits: Human",QAABB,4,2,1,5,—,Anti-Unit,1
233,Caster,美遊・エーデルフェルト; 朔月美遊,"Sakatsuki Miyu (朔月美遊?), Emiya Miyu (衛宮美遊?), Child of God (神稚児, Kami Chigo?)",236,12,"1,438/8,629","1,920/12,005","10,448","14,556","Nazuka Kaori, Kakazu Yumi",Hiroyama Hiroshi,Man,S,49,10.9%,0.81%,3%,36%,Lawful・Good,Female,"Female, Humanoid, Living Human, Pseudo-Servants, Servant, Weak to Enuma Elish",QAAAB,3,2,3,4,EX,Anti-Unit ~ Anti-World,－
234,Caster,紫式部,"Fujiwara no Kaoruko (藤原香子?), Lady Murasaki",237,16,"1,757/11,374","1,882/12,833","12,451","14,059",Kayano Ai,Honjou Raita,Man,S,51,10.7%,0.45%,3%,42%,Neutral・Good,Female,"Humanoid, Female, Servant, Weak to Enuma Elish",QQAAB,4,4,4,5,C,Poetry,6
235,Alter Ego,キングプロテア,"Alter Ego G, Tiamat",238,16,"1,983/12,835","1,956/13,338","14,050","14,612",Han Megumi,Wada Arco,Earth,Reverse S,100,10.2%,0.56%,4%,45%,Lawful・Good,Female,"Divine, Giant, Female, Humanoid, Servants, Super Large, Weak to Enuma Elish",QAABB,3,3,1,6,E,Anti-Unit,5
236,Assassin,カーマ,"Kamadeva (カーマデーヴァ?), Matou Sakura (間桐桜, Matō Sakura?), Beast III/L",239,16,"1,781/11,528","1,890/12,889","12,619","14,120",Shitaya Noriko,ReDrop,Sky,Semi S,100,25%,0.74%,4%,31.6%,Chaotic・Evil,Female,"Divine, Female, Humanoid, Pseudo-Servant, Riding, Servant, Weak to Enuma Elish",QQABB,4,3,4,5,C,Anti-Unit,10
237,Rider,司馬懿〔ライネス〕,"Reines El-Melloi Archisorte (ライネス・エルメロイ・アーチゾルテ?), Sima Zhongda",241,16,"1,766/11,427","1,986/13,543","12,509","14,837",Minase Inori,Sakamoto Mineji,Man,Linear,205,8.9%,0.64%,3%,30%,True Neutral,Female,"Female, Humanoid, Living Human, Pseudo-Servant, Riding, Servant, Weak to Enuma Elish",QQAAB,3,4,4,5,B++,Anti-Formation,－
238,Ruler,アストライア,"Luviagelita Edelfelt (ルヴィアゼリッタ・エーデルフェルト?), Lady Justice",242,12,"1,622/9,734","1,845/11,531","11,786","13,981",Itō Shizuka,Toh Azuma,Sky,Semi Reverse S,100,9.9%,0.43%,3%,17.5%,Lawful・Good,Female,"Divine, Female, Humanoid, Living Human, Pseudo-Servant, Roman, Servants, Weak to Enuma Elish",QAABB,3,4,1,5,A+,Anti-Evil,8
239,Assassin,グレイ,243,12,"1,576/9,456","1,692/10,580","11,449","12,828","Ueda Reina, Ono Daisuke",Sakamoto Mineji,Man,S,99,25%,0.71%,4%,44%,Lawful・Good,Female,"Female, Humanoid, Living Human, Pseudo-Servants, Saberface, Servants, Weak to Enuma Elish",QQQAB,3,3,2,5,A+,Anti-Fortress,4,None
240,Moon Cancer,大いなる石像神; ジナコ＝カリギリ,"Ganesha (ガネーシャ?), Jinako Carigiri",244,16,"1,416/9,166","2,617/17,844","10,034","19,549",Yūki Aoi,Wada Arco,Sky,S,51,14.5%,0.35%,3%,0.7%,Lawful・Good,Female,"Divine, Female, Humanoid, Living Human, Pseudo-Servant, Riding, Servant, Weak to Enuma Elish",QAAAB,4,4,4,5,C,Anti-Unit,3
241,Saber,ラクシュミー・バーイー,"Rani of Jhansi, Jeanne d'Arc of India",245,12,"1,658/9,949","1,818/11,362","12,046","13,776",Rina Satou,Takeuchi Takashi,Man,Reverse S,96,10%,1.01%,3%,28%,Lawful・Good,Female,"Divine, Female, Humanoid, Riding, Saberface, Servant, Weak to Enuma Elish",QQABB,3,2,4,5,B,Anti-Army,4
242,Archer,ウィリアム・テル,"Wilhelm Tell, Guillermo Tell",246,7,"1,371 / 7,384","1,675 / 9,310","9,993","12,623",Hayato Fujii,Takahashi Keitarō,Man,Semi S,148,8%,0.66%,3%,45%,Lawful・Good,Male,"Brynhildr's Beloved, Humanoid, Male, Servant, Weak to Enuma ElishEnemy Ver. Traits: Divine",QAABB,3,3,3,5,C,Anti-Unit,3
243,Berserker,アルジュナ〔オルタ〕,"Deified Arjuna (神たるアルジュナ?), The Final Dark God (黒き最後の神?)",247,16,"1,803/11,669","2,029/13,837","12,773","15,159",Shimazaki Nobunaga,pako,Sky,Reverse S,9,5.1%,0.98%,5%,35.7%,Lawful・Good & Evil,Male,"Divine, Humanoid, Male, Servant, Weak to Enuma Elish",QABBB,4,2,4,4,EX,Anti-World,5
244,Archer,アシュヴァッターマン,"Aśvatthāmā, Ashwatthama",248,12,"1,708/10,249","1,799/11,245","12,409","13,634",Tatsuhisa Suzuki,pako,Sky,Linear,153,8.1%,0.58%,3%,31.5%,Chaotic・Neutral,Male,"Brynhildr's Beloved, Divine, Humanoid, Male, Servant, Weak to Enuma Elish",QQABB,4,4,5,4,A+,Anti-Army,5
245,Caster,アスクレピオス,"God of Medicine, Hepius",249,7,"1,184/6,376","1,815/10,084","8,629","13,672",Suzuki Ryouta,Taho,Earth,Linear,49,11%,0.81%,3%,36%,True Neutral,Male,"Argo-Related, Brynhildr's Beloved, Divine, Greek Mythology Males, Humanoid, Male, Servant, Weak to Enuma Elish",QAAAB,4,2,2,4,B,Anti-Unit,－
246,Avenger,織田信長; 織田吉法師; 魔王信長,"Oda Nobunaga (Avenger), Oda Kippōshi, Maou Nobunaga",250,16,"1,953/12,641","1,724/11,761","13,838","12,885",Kugimiya Rie,pako,Earth,S,30,5.9%,0.49%,5%,7%,Chaotic・Neutral,Unknown,"Humanoid, King, Servant, Weak to Enuma Elish",QABBB,4,4,6,5,A-,Anti-Divine,6
247,Berserker,森長可,"Demon Musashi (鬼武蔵, Oni Musashi?), Mori-kun",251,7,"1,436/7,732","1,443/8,019","10,464","11,510",Taniyama Kishou,Dd,Man,Linear,9,4.9%,0.5%,5%,65%,Chaotic・Insane,Male,"Male, Humanoid, Servant, Weak to Enuma Elish",QAABB,3,3,2,5,C,Anti-Unit,5
248,Lancer,長尾景虎,"Uesugi Kenshin (上杉謙信?), Dragon of Echigo (越後の龍?), Lancer of Eight Flowers (八華のランサー?)",252,12,"1,602/9,617","1,817/11,360","11,644","13,774",Mizuki Nana,Takeuchi Takashi,Man,Reverse S,89,12.2%,0.45%,4%,35%,Lawful・Good,Female,"Divine, Female, Humanoid, Riding, Servant, Weak to Enuma Elish",QAABB,5,4,2,5,B,Anti-UnitAnti-Army,8
249,Rider,レオナルド・ダ・ヴィンチ,"Loli Vinci, Gran Cavallo",253,16,"1,681/10,883","2,069/14,112","11,913","15,460",Sakamoto Maaya,Simosi,Man,S,205,9%,0.49%,3%,30%,Lawful・Good,Female,"Female, Humanoid, Riding, Servant",QAABB,4,4,2,4,B,Anti-Barrier,3
250,Saber,イアソン,"Hero Scout, Aeson",254,3,"992/5,457","1,515/7,575","8,479","11,677",Hoshi Soichirou,BLACK,Earth,Semi Reverse S,102,10%,0.37%,3%,31.5%,Lawful・Good,Male,"Argo-Related, Brynhildr's Beloved, Greek Mythology Males, Humanoid, Male, Riding, Servant, Weak to Enuma Elish",QAABB,3,4,1,4,B++,Anti-Army,5
251,Archer,パリス,255,4,"1,157/6,523","1,474/7,834","9,452","11,306",Terasaki Yuka,Rin Kususaga,Earth,Semi Reverse S,153,8%,0.43%,3%,30.3%,True Neutral,Male,"Argo-Related, Brynhildr's Beloved, Greek Mythology Males, Humanoid, Male, Servant, Weak to Enuma Elish",QQAAB,3,4,3,4,A,Anti-Unit,,None
252,Lancer,ガレス,256,4,"960/5,413","1,795/9,537","7,844","13,764",Kuwahara Yuuki,Nekotawawa,Earth,Semi S,88,12.1%,0.71%,4%,36.0%,Lawful・Good,Female,"Brynhildr's Beloved, Female, Humanoid, Riding, Servant, Weak to Enuma Elish",QQABB,4,3,1,5,C++,Anti-Unit,8,None
253,Rider,バーソロミュー・ロバーツ,"Black Bart, Salazar (A Study in the Dubious Meiho-sou Event)",257,3,"993/5,461","1,344/6,720","8,485","10,359",Chiaki Kobayashi,Mata,Man,Linear,200,8.9%,0.65%,3%,45%,Chaotic・Evil,Male,"Brynhildr's Beloved, Humanoid, Male, Riding, Servant, Weak to Enuma Elish",QQAAB,3,2,2,4,C+~B+,Anti-Army,
254,Caster,陳宮,"Chén gōng, 公臺, Gongtai, Chinkyū",258,4,"1,085/6,119","1,459/7,755","8,867","11,192",Madono Mitsuaki,Wada Arco,Man,Semi-Reverse S,49,11%,0.4%,3%,42.%,Chaotic・Good,Male,"Male, Humanoid, Servant, Weak to Enuma Elish",QAAAB,3,4,1,4,C,Anti-Army,4
255,Assassin,シャルロット・コルデー,"Angel of Assassination (暗殺の天使, Ansatsu no Tenshi?), Marie-Anne Charlotte Corday d'Armont",259,3,"997/5,488","1,244/6,220","8,528","9,588",Horie Yui,Aotsuki Takao,Man,Reverse S,100,24.7%,0.52%,4%,55%,Neutral・Good,Female,"Female, Humanoid, Servant, Weak to Enuma Elish",QQAAB,3,3,1,5,C,Anti-Unit,1
256,Berserker,サロメ,Salomé,260,4,"1,221/6,884","1,296/6,885","9,975","9,936",Bridcutt Sarah Emi,Simosi,Earth,Semi Reverse S,9,5.0%,0.51%,5%,58.5%,Chaotic・Evil,Female,"Female, Humanoid, Servant, Weak to Enuma Elish",QAABB,4,3,3,4,B,Anti-Unit,3
257,Berserker,宮本武蔵; 新免武蔵守藤原玄信,Shinmen Musashi no Kami Fujiwara no HarunobuMiyamoto Iori (宮本伊織),261,16,"1,964/12,712","1,782/12,150","13,915","13,311",Sakura Ayane,Koyama Hirokazu,Man,Semi S,9,5%,0.51%,5%,52%,Chaotic・Good,Female,"Divine, Female, Humanoid, Riding, Servant, Weak to Enuma Elish",QAABB,4,3,4,5,EX,Anti-Unit,4
258,Archer,刑部姫,Okki,262,12,"1,482/8,895","1,996/12,476","10,770","15,127",Fukuen Misato,Moriyama Daisuke,Earth,S,153,8%,0.62%,3%,27%,Neutral・Summer,Female,"Divine, Female, Humanoid, Servant, Weak to Enuma Elish",QAAAB,4,3,3,5,EX,Anti-Army (One Large Platoon),4
259,Rider,カーミラ,Mistress・C,263,12,"1,608/9,651","1,676/10,476","11,685","12,702",Tanaka Atsuko,okojo,Earth,Reverse S,200,9.1%,0.52%,3%,45%,Neutral・Evil,Female,"Female, Humanoid, Servant, Weak to Enuma Elish",QQAAB,4,4,3,4,B,Anti-UnitAnti-Army,4
260,Saber,葛飾北斎,"Katsushika Oui (葛飾 応為, Katsushika Ōi?, Daughter); Tokitarō, Dragon-Crested Octopus, Darusen, The Old Man Mad About Art Swastika (画狂老人卍, Gakyō Rōjin Manji?, Last renamed name)",264,12,"1,564/9,389","1,899/11,873","11,368","14,396",Yukana Nogami,Kuroboshi Kouhaku,Man,Semi Reverse S,99,10%,0.46%,3%,28.8%,Chaotic・Good,Female,"Divine, Female, Humanoid, Servant, Threat to Humanity, Weak to Enuma Elish",QQAAB,4,4,4,5,B,Anti-Unit,8
261,Ruler,アルトリア･ペンドラゴン〔ルーラー〕,265,16,"1,482/9,593","2,480/16,912","10,501","18,528",Kawasumi Ayako,Ishida Akira,Sky,Linear,100,10.0%,0.57%,3%,21.0%,Lawful・Summer,Female,"Arthur, Dragon, Female, King, Humanoid, Saberface, Servant, Weak to Enuma Elish",QQABB,4,4,3,5,A+,Anti-Fortress,,None
262,Lancer,謎のアルターエゴ・Λ; ラムダリリス,"Mysterious Alter Ego Lambda, Lambdalilith, Lambdaryllis, Meltlilith (Lancer), Meltryllis (Lancer), Leviathan, Cruel Swim Tutu",266,12,"1,543/9,261","1,879/11,749","11,213","14,246",Hayami Saori,Wada Arco,Earth,Linear,91,12.1%,0.76%,4%,28%,Lawful・Good,Female,"Demonic, Divine, Dragon, Female, Humanoid, Riding, Servant, Weak to Enuma Elish",QQAAB,4,2,3,5,B+,Anti-Unit,3
263,Assassin,"オキタ・Ｊ・ソウジ, 沖田総司","Okita Jet Sōji, Okita Sōji (Assassin)",267,12,"1,556/9,337","1,658/10,366","11,305","12,569",Yūki Aoi,Takeuchi Takashi,Man,Reverse S,99,25.3%,0.92%,4%,49.5%,Neutral・Summer,Female,"Female, Humanoid, Saberface, Servant, Weak to Enuma Elish",QQQAB,5,3,1,5,C,Anti-Army,
264,Avenger,スペース・イシュタル,"Ishtar, Astarte, Astaroth",268,16,"1,949/12,612","1,912/13,041","13,806","14,287",Ueda Kana,Morii Shizuki,Star,S,29,6%,0.69%,5%,5%,Lawful・Evil,Female,"Divine, Female, Humanoid, Servant",QAABB,4,2,3,5,EX,Anti-Star,3
265,Archer,カラミティ・ジェーン,"Martha Jane Canary, Martha Jane Cannary",269,12,"1,499/8,996","1,999/12,495","10,892","15,150",Touyama Nao,B-suke,Man,Linear,153,8%,0.71%,3%,40.5%,Chaotic・Neutral,Female,"Brynhildr's Beloved, Female, Humanoid, Riding, Servant, Weak to Enuma Elish",QQAAB,3,3,2,4,D,Anti-Unit,5
266,Saber,アストルフォ,"Knight of Evaporated Sanity (理性蒸発の騎士, Risei Jōhatsu no Kishi?), Sailor Paladin",270,16,"1,807/11,694","2,089/14,248","12,801","15,609",Ookubo Rumi,Konoe Ototsugu,Earth,Reverse S,103,10.1%,0.52%,3%,24.5%,Chaotic・Good,Unknown,"Humanoid, Riding, Servant, Weak to Enuma Elish",QQAAB,3,3,4,7,B,Anti-Unit,
267,Archer,ナイチンゲール,"Angel of Crimea (クリミアの天使, Kurimia no Tenshi?)Florence Nightingale (フローレンス・ナイチンゲール), Mercédès, The White Cloth of Steel, The Lady with the Lamp.",271,12,"1,643/9,858","1,772/11,080","11,936","13,434",Sawashiro Miyuki,Takahashi Keitarō,Man,Linear,153,8%,0.6%,3%,39.3%,Lawful・Good,Female,"Female, Humanoid, Servant, Weak to Enuma Elish",QQAAB,4,3,3,5,B,Anti-Army,6
268,Archer,超人オリオン,"Orion, Superhuman Orion",272,16,"1,940/12,557","1,979/13,494","13,746","14,783",Canna Nobutoshi,I-IV,Earth,Semi Reverse S,153,8%,0.96%,3%,36%,Chaotic・Neutral,Male,"Brynhildr's Beloved, Divine, Greek Mythology Males, Humanoid, Male, Servant, Weak to Enuma Elish",QABBB,3,3,1,5,B,Anti-Army (Self),
269,Rider,マンドリカルド,273,7,"1,254/6,756","1,728/9,600","9,143","13,016",Masuda Toshiki,Ginka,Man,S,200,9%,0.86%,3%,40%,True Neutral,Male,"Brynhildr's Beloved, Humanoid, King, Male, Riding, Servant, Weak to Enuma Elish",QQAAB,3,2,1,4,A,Anti-Unit,4,None
270,Rider,エウロペ,Europe,274,16,"1,813/11,737","1,843/12,571","12,848","13,219",M・A・O,redjuice,Sky,Linear,205,8.9%,0.58%,3%,35%,Neutral・Good,Female,"Divine, Female, Humanoid, Riding, Weak to Enuma Elish",QAABB,3,3,1,5,A,Anti-Army,
271,Foreigner,楊貴妃,"Yang Yuhuan (楊玉環ヤン・ユーファン?), Cthugha, Youkihi",275,16,"1,907/12,342","1,960/13,365","13,510","14,642",Haruka Yoshimura,Kuroboshi Kouhaku,Man,Linear,147,15%,0.51%,3%,6%,Chaotic・Good,Female,"Divine, Female, Humanoid, Servant, Threat to Humanity, Weak to Enuma Elish",QQAAB,4,4,3,4,B+,Anti-Unit,4
272,Archer,清少納言,"Sparkling Archer (キラキラのアーチャー?), Nagiko(諾子)",276,16,"1,888/12,218","1,901/12,965","13,374","14,204",Ai Fairouz,Mika Pikazo,Man,Semi S,153,8%,0.57%,3%,36%,Chaotic・Good,Female,"Female, Humanoid, Servant, Weak to Enuma Elish",QQAAB,4,3,2,5,Poetry,D++,4
273,Rider,オデュッセウス,"Ulysses, Vlixes",277,16,"1,822/11,795","1,948/13,284","12,911","14,553",Takuya Kirimoto,redjuice,Earth,Reverse S,208,8.9%,0.58%,3%,33.7%,Neutral・Good,Male,"Brynhildr's Beloved, Greek Mythology Males, Humanoid, King, Male, Riding, Servant, Weak to Enuma Elish",QQAAB,4,4,3,5,B++,Anti-Country,3
274,Saber,ディオスクロイ,"Dioskouroi, the Gemini Twins, Castor & Pollux",278,16,"1,829/11,840","2,174/14,824","12,961","16,240","Uchida Yuuma, Uchida Maaya",Taiki,Sky,Semi Reverse S,99,10%,0.51%,3%,28%,Chaotic・Neutral,Unknown,"Argo-Related, Brynhildr's Beloved, Divine, Humanoid, Riding, Servant, Weak to Enuma Elish",QQAAB,5,4,2,5,B,Anti-Unit,8
275,Lancer,カイニス,"Caeneus, Poseidon's Proxy, Golden Caenis",279,12,"1,649/9,896","1,845/11,532","11,982","13,982",Komatsu Mikako,Azusa,Earth,Linear,90,12.2%,0.86%,4%,36%,Neutral・Evil,Unknown,"Argo-Related, Brynhildr's Beloved, Divine, Humanoid, King, Servant, Weak to Enuma Elish",QQABB,3,3,3,5,Anti-Army,A,3
276,Lancer,ロムルス＝クィリヌス,"Romulus, Quirinus, Janus Quirinus, The Divine Ancestor, King of Nation Building, Roma",280,16,"1,896/12,273","1,999/13,632","13,435","14,934",Okiayu Ryoutarou,Koyama Hirokazu,Sky,Semi Reverse S,93,12.2%,0.59%,4%,26%,Chaotic・Neutral,Unknown,"Divine, Humanoid, Roman, Servant, Weak to Enuma Elish",QAABB,4,3,3,5,EX,Anti-Star,5
277,Foreigner,ボイジャー,"Voyager 1, Little Prince, Pran",281,16,"1,615/10,450","2,286/15,592","11,439","17,082",Iguchi Yuka,NOCO,Star,Linear,153,15.1%,0.56%,3%,7%,Neutral・Good,Male,"Humanoid, Male, Servant",QQAAB,3,3,3,5,Anti-Planet,B,5
278,Berserker,鬼女紅葉,Momiji (紅葉?),282,12,"1,529/9,177","1,800/11,250","11,111","13,640",Hikasa Yōko,NOCO,Earth,Semi Reverse S,9,4.9%,0.85%,5%,45.5%,Neutral・Evil,Female,"Demonic, Dragon, Female, Humanoid, Servant, Weak to Enuma Elish",QABBB,3,3,3,5,C,Anti-Unit,
279,Lancer,宇津見エリセ,"Erichi, Grim Reaper",283,12,"1,520/9,122","1,918/11,991","11,045","14,539",Kitō Akari,NOCO,Man,Semi S,87,12%,0.63%,4%,32%,Lawful・Neutral,Female,"Divine, Female, Humanoid, Living Human, Riding, Servant, Weak to Enuma Elish",QQAAB,4,3,3,5,B,Anti-Army,
