,Servant Name,ID,Rarity,Class ,Japanese Name,AKA,Cost,ATK at level 1,ATK at max Servant level,HP at level 1,HP at max Servant level,Grail ATK,Grail HP,Voice Actor,Illustrator,Attribute,Growth Curve,Star Absorption,Star Generation,NP Charge ATK,NP Charge DEF,Death Rate,Alignments,Gender,Traits,Card Order,Quick Hits ,Arts Hits ,Buster Hits ,Extra Hits ,Rank ,Classification ,Type ,Hit-Count 
0,Mashu Kyrielight,1,3-Star,Shielder,マシュ・キリエライト,"Mashu Kirielite, Mash, Matthew",0,1261,6791,1854,10302,10575,15619,Takahashi Rie,Takeuchi Takashi,Earth,Linear,99.0,9.9%,0.84%,3%,24.5%,Lawful Good,Female,"Demi-servant, Female, Humanoid, Living Human, Riding, Servant, Weak to Enuma Elish",QAABB,2,2,1,3,D,Anti-Unit,Arts,－
1,Artoria Pendragon,2,5-star,Saber,アルトリア・ペンドラゴン,"King of Knights of the Holy Sword (聖剣の騎士王, Seiken no Kishi-ō?)King of Knights (騎士王, Kishi-ō?)Altria Pendragon, Arturia Pendragon, King Arthur, Blue Saber",16,1734,11221,2222,15150,12283,16597,Kawasumi Ayako,Takeuchi Takashi,Earth,Linear,102.0,10%,0.86%,3%,21%,Lawful Good,Female,"Arthur, Dragon, Female, Humanoid, King, Riding, Saberface, Servant, Weak to Enuma Elish",QAABB,2,2,1,3,A,Anti-Fortress,Buster,1.0
2,Artoria Pendragon (Alter),3,4-Star,Saber,アルトリア・ペンドラゴン〔オルタ〕,"Saber Alter, Dark-Tainted Tyrant, Artoria Alter, Black Saber, Salter",12,1708,10248,1854,11589,12408,14051,Kawasumi Ayako,Takeuchi Takashi,Man,S,99.0,9.9%,0.86%,3%,19.2%,Lawful Evil,Female,"Arthur, Dragon, Female, King, Humanoid, Saberface, Servant, Weak to Enuma Elish",QAABB,2,2,1,3,A++,Anti-Fortress,Buster,3.0
3,Artoria Pendragon (Lily),4,4-Star,Saber,アルトリア・ペンドラゴン〔リリィ〕,"Saber Lily, Artoria Lily",12,1287,7726,1699,10623,9355,12880,Kawasumi Ayako,Takeuchi Takashi,Earth,S,102.0,10%,0.86%,3%,21%,Lawful Good,Female,"Arthur, Dragon, Female, Humanoid, King, Riding, Saberface, Servant, Weak to Enuma Elish",QAABB,2,2,1,3,B,Anti-Unit,Buster,8.0
4,Nero Claudius,5,4-Star,Saber,ネロ・クラウディウス,"Emperor of Roses (薔薇の皇帝, Bara no Kōtei?), Red Saber, Nero Claudius Caesar Augustus Germanicus",12,1574,9449,1880,11753,11441,14250,Tange Sakura,Wada Arco,Man,Reverse S,102.0,10.1%,0.84%,3%,24.5%,Chaotic Good,Female,"Female, Humanoid, King, Riding, Roman, Saberface, Servant, Weak to Enuma Elish",QAABB,2,2,1,5,B-,Anti-Encampment,Arts,1.0
5,Siegfried,6,4-Star,Saber,ジークフリート,"Sigurd, Tenacious Dragon Slayer (不撓不屈の竜殺し, Futō Fukutsu no Ryū Goroshi?)Saber of Black, Dragon-Blooded Knight",12,1363,8181,2266,14165,9905,17175,Suwabe Junichi,Konoe Ototsugu,Earth,S,97.0,10%,0.83%,3%,28%,Chaotic Good,Male,"Brynhildr's Beloved, Dragon, Humanoid, King, Male, Riding, Servant, Weak to Enuma Elish",QAABB,2,2,1,3,A+,Anti-Army,Buster,1.0
6,Gaius Julius Caesar,7,3-Star,Saber,ガイウス・ユリウス・カエサル,"Julius Caesar, Red Saber (Self-Proclaimed)",7,1392,7497,1727,9595,10146,13009,Okiayu Ryoutarou,Shimadoriru,Man,S,99.0,10%,1.1%,3%,31.5%,True Neutral,Male,"Brynhildr's Beloved, Divine, Humanoid, King, Male, Riding, Roman, Servant, Weak to Enuma Elish",QQABB,2,2,1,3,B+,Anti-Unit,Quick,10.0
7,Attila,8,5-star,Saber,アルテラ,"Great King of Destruction (破壞の大王, Hakai no Daiō?)Altera, Destroyer of Civilization, Etzel, King of Combat, Attila the Hun",16,1907,12343,2039,13907,13511,15236,Noto Mamiko,huke,Man,Linear,102.0,10.1%,0.84%,3%,24.5%,Chaotic Good,Female,"Divine, Female, Humanoid, King, Riding, Servant, Weak to Enuma Elish",QAABB,2,2,1,3,A-,Anti-Army,Buster,1.0
8,Gilles de Rais (Saber),9,3-Star,Saber,ジル・ド・レェ,-,7,1228,6615,1889,10498,8952,14234,Tsuruoka Satoshi,Shinjirō‏‎,Man,S,98.0,9.9%,0.82%,3%,31.5%,Lawful Good,Male,"Brynhildr's Beloved, Humanoid, Male, Riding, Servant, Weak to Enuma Elish",QAABB,2,2,1,3,B,Anti-Unit,Arts,－
9,Chevalier d'Eon,10,4-Star,Saber,シュヴァリエ・デオン,"Knight of the White Lily, Maid Knight, Charles-Geneviève-Louis-Auguste-André-Timothée d’Éon de Beaumont",12,1460,8765,2121,13256,10613,16073,Saito Chiwa,Moriyama Daisuke,Man,Reverse S,102.0,10%,0.83%,3%,28%,True Neutral,Unknown,"Humanoid, Riding, Servant, Weak to Enuma Elish",QAABB,2,2,1,3,C,Anti-Army,Arts,－
10,EMIYA,11,4-Star,Archer,エミヤ,"Wrought Iron Hero (錬鉄の英霊, Rentetsu no Eirei?)
Emiya Shirou (衛宮士郎, Emiya Shirō?), Nameless/No Name (無銘), Red Archer, Faker (フェイカー), Hero of Justice (正義の味方)",12,1566,9398,1843,11521,11379,13969,Suwabe Jun'ichi,Takeuchi Takashi,Man,S,145.0,7.9%,0.51%,3%,31.5%,True Neutral,Male,"Brynhildr's Beloved, Humanoid, Male, Servant, Weak to Enuma Elish",QAAAB,2,3,1,5,E~A,???,Buster,10.0
11,Gilgamesh,12,5-star,Archer,ギルガメッシュ,"Humanity's Oldest King (人類最古の王, Jinrui Saiko no Ō?)King of Heroes of Decadence (退廃の英雄王, Taihai no Eiyū-ō?), A U OKing of Heroes, Linchpin of Heaven, King of Uruk, King of Babylonia, The Golden King",16,1897,12280,1920,13097,13442,14348,Seki Tomokazu,Takeuchi Takashi,Sky,Reverse S,153.0,7.9%,0.34%,3%,31.5%,Chaotic Good,Male,"Divine, Humanoid, King, Male, Servant, Weak to Enuma Elish",QAABB,5,5,5,8,A++,Anti-World,Buster,1.0
12,Robin Hood,13,3-Star,Archer,ロビンフッド,"Hunter of the Woods (森の狩人, Mori no Kariudo?), Green Archer",7,1247,6715,1833,10187,9088,13812,Toriumi Kousuke,Wada Arco,Man,Linear,150.0,8%,0.87%,3%,31.5%,Neutral Good,Male,"Brynhildr's Beloved, Humanoid, Male, Servant, Weak to Enuma Elish",QQAAB,3,2,1,3,D,Anti-Unit,Arts,1.0
13,Atalanta,14,4-Star,Archer,アタランテ,"Hunter of Chastity (純潔の狩人, Junketsu no Kariudo?)Archer of Red, Atalante",12,1438,8633,1996,12476,10453,15127,Hayami Saori,Rin Kususaga,Earth,Reverse S,148.0,8%,0.5%,3%,31.5%,Neutral Evil,Female,"Argo-Related, Female, Humanoid, Servant, Weak to Enuma Elish",QQAAB,3,2,1,3,B,Anti-Army,Quick,10.0
14,Euryale,15,3-Star,Archer,エウリュアレ,The Far-Flier,7,1306,7032,1711,9506,9517,12889,Asakawa Yuu,AKIRA,Sky,Linear,156.0,7.9%,0.9%,3%,22.5%,Chaotic Good,Female,"Divine, Female, Humanoid, Servant, Weak to Enuma Elish",QQAAB,3,2,1,3,B-,Anti-Unit,Arts,1.0
15,Arash,16,1-Star,Archer,アーラシュ,"Arash Kamangir, Āraš-e Kamāngīr",3,1057,5816,1424,7122,9037,10979,Tsuruoka Satoshi,BLACK,Earth,Linear,147.0,8%,0.84%,3%,45%,Chaotic Neutral,Male,"Brynhildr's Beloved, Humanoid, Male, Servant, Weak to Enuma Elish",QAABB,3,2,1,3,B++,Anti-Army,Buster,1.0
16,Cú Chulainn,17,3-Star,Lancer,クー・フーリン,"Child of Light (光の御子, Hikari no Miko?)
Beast of Culann (クランの猛犬, Kuran no Mōken?)
Cu Chulainn, Sétanta, Hound of Ulster, Coo Hullan, Child of the Sun",7,1334,7239,1726,9593,9797,13007,Canna Nobutoshi,Takeuchi Takashi,Sky,Reverse S,87.0,12.1%,1.07%,4%,32%,Lawful Neutral,Male,"Brynhildr's Beloved, Divine, Humanoid, Male, Servant, Weak to Enuma Elish",QQABB,2,2,1,3,B,Anti-Personnel,Quick,1.0
17,Elizabeth Báthory,18,4-Star,Lancer,エリザベート・バートリー,"Elisabeth Báthory, Elizabeth Bathory, Blood Countess, Countess Dracula",12,1520,9122,1899,11870,11045,14392,Ookubo Rumi,Wada Arco,Man,Linear,90.0,11.8%,1.1%,4%,11.8%,Chaotic Evil,Female,"Dragon, Female, Humanoid, Servant, Weak to Enuma Elish",QQABB,2,2,1,3,E-,Anti-Unit,Buster,5.0
18,Musashibō Benkei,19,2-Star,Lancer,武蔵坊弁慶,"Hitachibou Kaison (常陸坊海尊, Hitachibō Kaison?), Musashibou Benkei",4,1029,5801,1722,9149,8406,13204,Inada Tetsu,Shinjirō‏‎,Man,Reverse S,89.0,11.9%,0.79%,4%,36%,Chaotic Good,Male,"Brynhildr's Beloved, Humanoid, Male, Servant, Weak to Enuma Elish",QQAAB,2,2,1,3,EX,Anti-Army,Arts,－
19,Cú Chulainn (Prototype),20,3-Star,Lancer,クー・フーリン〔プロトタイプ〕,"Proto Lancer, Cu Chulainn (Prototype), Sétanta, Hound of Ulster, Coo Hullan (Prototype), Child of the Sun, Child of Light",7,1315,7082,1817,10098,9584,13691,Nakai Kazuya,Nakahara,Sky,S,88.0,12.1%,1.08%,4%,28%,Lawful Neutral,Male,"Divine, Humanoid, Male, Servant, Weak to Enuma Elish",QQABB,2,2,1,3,B,Anti-Unit,Quick,1.0
20,Leonidas I,21,2-Star,Lancer,レオニダス一世,-,4,1168,6583,1498,7959,9539,11486,Miki Shinichirou,Shimaudon,Man,Reverse S,89.0,11.8%,1.07%,4%,32%,Lawful Neutral,Male,"Humanoid, King, Male, Servant, Weak to Enuma Elish",QQABB,2,2,1,3,B,Anti-Army,Buster,－
21,Romulus,22,3-Star,Lancer,ロムルス,"The Divine Ancestor, King of Nation Building, Roma",7,1344,7239,1779,9883,9797,13400,Okiayu Ryoutarou,Koyama Hirokazu,Star,Linear,90.0,12.1%,1.07%,4%,32%,Chaotic Neutral,Male,"Humanoid, King, Male, Roman, Servant",QQABB,2,2,1,3,A++,Anti-Army,Buster,7.0
22,Medusa,23,3-Star,Rider,メドゥーサ,"Female Monster of Gorgon (ゴルゴーンの女怪, Gorugōn no Jokai?)",7,1337,7200,1608,8937,9744,12117,Asakawa Yuu,Takeuchi Takashi,Earth,Linear,194.0,9%,0.58%,3%,35%,Chaotic Good,Female,"Divine, Female, Humanoid, Riding, Servant, Weak to Enuma Elish",QQAAB,2,3,1,3,A+,Anti-Army,Quick,1.0
23,Georgios,24,2-Star,Rider,ゲオルギウス,Saint George,4,929,5236,1731,9200,7587,13278,Saizen Tadahisa,Higashiguchi Chuuou,Man,Linear,205.0,8.9%,0.85%,3%,45%,Lawful Good,Male,"Brynhildr's Beloved, Humanoid, Male, Riding, Servant, Weak to Enuma Elish",QQAAB,2,2,1,3,B,Anti-Unit,Arts,4.0
24,Edward Teach,25,2-Star,Rider,エドワード・ティーチ,"Blackbeard (黒髭, Kuro Hige?)",4,1097,6188,1488,7907,8967,11411,Saizen Tadahisa,B-suke,Man,S,198.0,8.8%,0.56%,3%,45%,Chaotic Evil,Male,"Humanoid, Male, Servant, Weak to Enuma Elish",QAABB,2,3,1,3,C++,Anti-Army,Buster,5.0
25,Boudica,26,3-Star,Rider,ブーディカ,Queen of Victory,7,1168,6289,1823,10130,8511,13735,Saito Chiwa,Aotsuki Takao,Man,Linear,196.0,8.9%,0.85%,3%,45%,Neutral Good,Female,"Female, Humanoid, King, Riding, Servant, Weak to Enuma Elish",QQAAB,2,2,1,3,B+,Anti-Army,Arts,－
26,Ushiwakamaru,27,3-Star,Rider,牛若丸,Minamoto no Yoshitsune (源義経?),7,1314,7076,1625,9028,9576,12240,Hayami Saori,Sakamoto Mineji,Man,Reverse S,204.0,9.1%,0.87%,3%,35%,Chaotic Neutral,Female,"Brynhildr's Beloved, Female, Humanoid, Riding, Servant, Weak to Enuma Elish",QQAAB,2,2,1,3,D,Anti-Unit Secret Technique,Quick,1.0
27,Alexander,28,3-Star,Rider,アレキサンダー,Young Iskandar,7,1366,7356,1555,8640,9955,11714,Sakamoto Maaya,BUNBUN,Man,Linear,205.0,9%,0.86%,3%,40%,Neutral Good,Male,"Divine, Greek Mythology Males, Humanoid, King, Male, Riding, Servant, Weak to Enuma Elish",QQAAB,2,2,1,3,B+,Anti-Army,Quick,1.0
28,Marie Antoinette,29,4-Star,Rider,マリー・アントワネット,-,12,1382,8293,1975,12348,10041,14972,Taneda Risa,Ginka,Man,Reverse S,201.0,9%,1%,3%,35%,Lawful Good,Female,"Female, Humanoid, Riding, Servant, Weak to Enuma Elish",QQAAB,2,1,1,3,A,Anti-Army,Quick,5.0
29,Martha,30,4-Star,Rider,マルタ,"Saint Martha, Dragon Rider",12,1335,8014,2090,13068,9703,15845,Hayami Saori,Sakamoto Mineji,Man,Linear,205.0,9%,1.58%,3%,30%,Lawful Good,Female,"Divine, Female, Humanoid, Riding, Servant, Weak to Enuma Elish",QAAAB,2,1,1,3,A+,Anti-Army,Buster,1.0
30,Medea,31,3-Star,Caster,メディア,"Witch of Perfidies (裏切りの魔女, Uragiri no Majo?)",7,1377,7418,1555,8643,10039,11719,Tanaka Atsuko,Nekotawawa,Earth,S,50.0,10.9%,1.64%,3%,34.5%,Neutral Evil,Female,"Argo-Related, Female, Humanoid, Servant, Weak to Enuma Elish",QAAAB,2,1,1,3,C,Anti-Magecraft,Arts,1.0
31,Gilles de Rais,32,3-Star,Caster,ジル・ド・レェ,"Holy Monster (聖なる怪物, Seinaru Kaibutsu?)Bluebeard, Demon Marshal",7,1209,6514,1711,9506,8816,12889,Tsuruoka Satoshi,Azusa,Man,S,48.0,10.8%,1.58%,3%,48%,Chaotic Evil,Male,"Humanoid, Male, Servant, Weak to Enuma Elish",QAAAB,2,1,1,3,A+,Anti-Army,Buster,3.0
32,Hans Christian Andersen,33,2-Star,Caster,ハンス・クリスチャン・アンデルセン,-,4,1021,5758,1597,8484,8344,12244,Koyasu Takehito,Wada Arco,Man,S,48.0,10.8%,1.66%,3%,30%,Lawful Neutral,Male,"Humanoid, Male, Servant, Weak to Enuma Elish",QAAAB,2,1,1,3,C,Anti-Unit,Arts,－
33,William Shakespeare,34,2-Star,Caster,ウィリアム・シェイクスピア,"The Greatest Writer (偉大なる文豪, Idainaru Bungō?)Caster of Red",4,1028,5798,1520,8080,8402,11661,Inada Tetsu,Konoe Ototsugu,Man,S,50.0,10.8%,1.59%,3%,45%,True Neutral,Male,"Humanoid, Male, Servant, Weak to Enuma Elish",QAAAB,2,1,1,3,B,Anti-Unit,Buster,4.0
34,Mephistopheles,35,3-Star,Caster,メフィストフェレス,-,7,1270,6839,1659,9216,9255,12495,Koyasu Takehito,Simosi,Earth,Reverse S,50.0,11%,0.81%,3%,36%,Chaotic Evil,Male,"Humanoid, Male, Servant, Weak to Enuma Elish",QAAAB,2,2,1,3,A,Anti-Army,Buster,1.0
35,Wolfgang Amadeus Mozart,36,1-Star,Caster,ヴォルフガング・アマデウス・モーツァルト,Gottlieb,3,944,5195,1425,7129,8072,10990,Seki Tomokazu,PFALZ,Star,Linear,49.0,11%,1.6%,3%,40.5%,Neutral Good,Male,"Brynhildr's Beloved, Humanoid, Male, Servant",QAAAB,2,1,1,3,B,Anti-Army,Arts,－
36,Zhuge Liang (Lord El-Melloi II),37,5-star,Caster,諸葛孔明〔エルメロイⅡ世〕,"Waver Velvet (ウェイバー・ベルベット?),""El-Melloi II"", Shokatsu Koumei",16,1637,10598,2091,14259,11601,15621,Namikawa Daisuke,Takeuchi Takashi,Man,S,50.0,10.8%,1.64%,3%,34.5%,Neutral Good,Male,"Brynhildr's Beloved, Humanoid, Living Human, Male, Pseudo-Servant, Servant, Weak to Enuma Elish",QAAAB,2,1,1,3,C-,Anti-Army,Arts,－
37,Cú Chulainn (Caster),38,3-Star,Caster,クー・フーリン,"Child of Light (光の御子, Hikari no Miko?)",8,1222,6580,1728,9604,8905,13022,Canna Nobutoshi,Mata,Sky,Reverse S,49.0,10.9%,1.6%,3%,42%,Lawful Neutral,Male,"Brynhildr's Beloved, Divine, Humanoid, Male, Servant, Weak to Enuma Elish",QAAAB,2,1,1,3,B,Anti-Army,Buster,1.0
38,Sasaki Kojirō,39,1-Star,Assassin,佐々木小次郎,"Nameless Master (無名の達人, Mumei no Tatsujin?)Nameless Samurai, Sasaki Kojirou, REGEND, Saviour of France (2015)",3,1042,5735,1244,6220,8912,9588,Miki Shinichirou,Mata,Man,Reverse S,102.0,25.3%,1.05%,4%,55%,Neutral Evil,Male,"Humanoid, Male, Servant, Weak to Enuma Elish",QQQAB,2,2,1,4,-,Anti-Unit Mystic Sword,Quick,3.0
39,Hassan of the Cursed Arm,40,2-Star,Assassin,呪腕のハサン,"Assassin of The White Skull (白髏の暗殺者アサシン, Hakurō no Asashin?)True Assassin, Hanam, Cursed Arm Hassan",4,1114,6280,1429,7594,9100,10960,Inada Tetsu,Task Ohna,Man,Linear,97.0,25.2%,1.07%,4%,44%,Lawful Evil,Male,"Humanoid, Male, Servant, Weak to Enuma Elish",QQQAB,3,2,1,3,C,Anti-Unit,Quick,1.0
40,Stheno,41,4-Star,Assassin,ステンノ,-,12,1497,8985,1843,11518,10879,13965,Asakawa Yuu,AKIRA,Sky,Linear,104.0,25%,2.26%,4%,27.5%,Chaotic Good,Female,"Divine, Female, Humanoid, Servant, Weak to Enuma Elish",QQQAB,2,1,1,3,B,Anti-Unit,Buster,－
41,Jing Ke,42,3-Star,Assassin,荊軻,Keika,7,1338,7207,1492,8293,9754,11244,Tanaka Atsuko,Takahashi Keitarō,Man,Reverse S,98.0,25.2%,1.05%,4%,55%,Chaotic Good,Female,"Female, Humanoid, Servant, Weak to Enuma Elish",QQQAB,2,2,1,3,B,Anti-Unit,Quick,1.0
42,Charles-Henri Sanson,43,2-Star,Assassin,シャルル＝アンリ・サンソン,-,4,968,5456,1568,8309,7906,11991,Miyano Mamoru,Shimadoriru,Man,S,102.0,24.8%,1.06%,4%,49.5%,Lawful Evil,Male,"Humanoid, Male, Servant, Weak to Enuma Elish",QQQAB,2,2,1,3,A,Anti-Unit,Buster,1.0
43,Phantom of the Opera,44,2-Star,Assassin,ファントム・オブ・ジ・オペラ,"Erik (エリック?), Berserker of Shinjuku (新宿のバーサーカー?)",4,1003,5654,1580,8393,8193,12112,Okiayu Ryoutarou,Shimaudon,Earth,Linear,98.0,25.2%,0.71%,4%,49.5%,Chaotic Evil,Male,"Humanoid, Male, Servant, Weak to Enuma Elish",QQQAB,2,3,2,3,B,Anti-Army,Arts,1.0
44,Mata Hari,45,1-Star,Assassin,マタ・ハリ,"Margaretha Geertruida Zelle, The Girl Who Has Sunny Eyes",3,977,5377,1313,6565,8355,10120,Taneda Risa,Koyama Hirokazu,Man,Reverse S,98.0,24.6%,2.1%,4%,55%,Chaotic Neutral,Female,"Female, Humanoid, Servant, Weak to Enuma Elish",QQQAB,2,1,1,3,A,Anti-Army,Arts,－
45,Carmilla,46,4-Star,Assassin,カーミラ,Elizabeth Báthory,12,1568,9408,1675,10473,11391,12698,Tanaka Atsuko,okojo,Earth,S,98.0,25.2%,2.15%,4%,44%,Chaotic Evil,Female,"Female, Humanoid, Servant, Weak to Enuma Elish",QQQAB,2,1,1,3,C,Anti-Unit,Buster,1.0
46,Heracles,47,4-Star,Berserker,ヘラクレス,"The Immortal Great Hero (不死身の大英雄, Fujimi no Dai Eiyū?)Hércules, Megalos",12,1775,10655,1652,10327,12901,12521,Saizen Tadahisa,Azusa,Sky,Reverse S,10.0,5%,1.07%,5%,39%,Chaotic Insane,Male,"Argo-Related, Divine, Greek Mythology Males, Humanoid, Male, Servant, Weak to Enuma Elish",QABBB,2,2,1,3,C~A+,Anti-Unit,Buster,15.0
47,Lancelot,48,4-Star,Berserker,ランスロット,"Knight of the Lake (湖の騎士, Mizu-umi no Kishi?)Black Knight, Mad Dog",12,1746,10477,1652,10327,12685,12521,Okiayu Ryoutarou,Koyama Hirokazu,Earth,S,10.0,5%,0.5%,5%,52%,Lawful Insane,Male,"Humanoid, Male, Servant, Weak to Enuma Elish",QABBB,2,2,1,3,A+,Anti-Unit,Quick,10.0
48,Lu Bu Fengxian,49,3-Star,Berserker,呂布奉先,"General of Repetition, Lü Bu Fengxian",7,1507,8119,1494,8302,10988,11256,Yasui Kunihiko,Wada Arco,Man,Reverse S,9.0,5%,1.04%,5%,50.3%,Chaotic Evil,Male,"Humanoid, Male, Servant, Weak to Enuma Elish",QABBB,2,2,1,3,A,Anti-UnitAnti-ArmyAnti-Fortress,Buster,1.0
49,Spartacus,50,1-Star,Berserker,スパルタクス,"Gladiator of Thrace (トラキアの剣闘士, Torakia no Ken Tōshi?)Berserker of Red",3,922,5073,1544,7722,7883,11904,Tsuruoka Satoshi,Konoe Ototsugu,Man,Reverse S,9.0,4.9%,1.01%,5%,65%,True Neutral,Male,"Humanoid, Male, Roman, Servant, Weak to Enuma Elish",QABBB,2,2,1,3,A,Anti-Unit,Buster,1.0
50,Sakata Kintoki,51,5-star,Berserker,坂田金時,"Kintarō (金太郎?), Golden",16,1964,12712,1782,12150,13915,13311,Yusa Kōji,Honjou Raita,Man,Reverse S,9.0,5%,1.03%,5%,52%,Lawful Good,Male,"Brynhildr's Beloved, Divine, Humanoid, Male, Servant, Weak to Enuma Elish",QABBB,2,2,1,3,C-,Anti-Unit,Buster,1.0
51,Vlad III,52,5-star,Berserker,ヴラド三世,"Lord Impaler (串刺し公, Kushizashi Kō?)Lancer of Black, Vlad Ţepeş, Count Dracula",16,1777,11499,2019,13770,12587,15086,Okiayu Ryoutarou,Maeda Hirotaka,Earth,S,9.0,4.9%,0.5%,5%,45.5%,Chaotic Evil,Male,"Brynhildr's Beloved, Humanoid, King, Male, Servant, Weak to Enuma Elish",QAABB,2,2,1,3,C,Anti-Unit,Arts,10.0
52,Asterios,53,1-Star,Berserker,アステリオス,Minotaur,3,1097,6037,1320,6604,9381,10181,Toriumi Kousuke,Shimadoriru,Earth,Linear,9.0,4.9%,0.68%,5%,58.5%,Chaotic Evil,Male,"Greek Mythology Males, Humanoid, Male, Servant, Weak to Enuma Elish",QABBB,2,3,1,3,EX,Labyrinth,Arts,－
53,Caligula,54,2-Star,Berserker,カリギュラ,Emperor of Death,4,1374,6831,1211,7303,9899,10540,Tsuruoka Satoshi,BLACK,Man,S,9.0,5%,0.68%,5%,56.8%,Chaotic Evil,Male,"Humanoid, King, Male, Roman, Servant, Weak to Enuma Elish",QABBB,2,3,1,3,C,Anti-Army,Arts,－
54,Darius III,55,3-Star,Berserker,ダレイオス三世,-,7,1412,7608,1577,8763,10297,11881,Yasui Kunihiko,PFALZ,Man,Linear,9.0,5%,0.67%,5%,65%,Lawful Neutral,Male,"Humanoid, King, Male, Servant, Weak to Enuma Elish",QABBB,2,3,1,3,A,Anti-Army,Buster,10.0
55,Kiyohime,56,3-Star,Berserker,清姫,-,7,1233,6644,1649,9166,8992,12428,Taneda Risa,BLACK,Earth,Linear,9.0,4.9%,2.03%,5%,65%,Chaotic Evil,Female,"Dragon, Female, Humanoid, Servant, Weak to Enuma Elish",QABBB,2,1,1,3,EX,Anti-Unit,Buster,3.0
56,Eric Bloodaxe,57,2-Star,Berserker,エイリーク・ブラッドアクス,"Bloodaxe King, Eric Haraldsson",4,1116,6290,1447,7688,9115,11095,Yasui Kunihiko,Aotsuki Takao,Man,Linear,9.0,4.9%,1.02%,5%,58.5%,Chaotic Neutral,Male,"Humanoid, King, Male, Servant, Weak to Enuma Elish",QABBB,2,2,1,3,B,Anti-Unit,Buster,5.0
57,Tamamo Cat,58,4-Star,Berserker,タマモキャット,-,12,1504,9026,1833,11458,10929,13893,Saito Chiwa,Wada Arco,Earth,Reverse S,10.0,5%,0.71%,5%,39%,Chaotic Good,Female,"Beast, Female, Humanoid, Servant, Weak to Enuma Elish",QABBB,2,3,2,3,D,Anti-Unit,Quick,5.0
58,Jeanne d'Arc,59,5-star,Ruler,ジャンヌ・ダルク,"Holy Maiden of Salvation (救国の聖女, Kyūkoku no Seijo?)Joan of Arc, La Pucelle d'Orléans, The Maiden of Orleans, St. Joan, Laeticia",16,1482,9593,2420,16500,10501,18076,Sakamoto Maaya,Takeuchi Takashi,Star,Reverse S,99.0,10.1%,0.76%,3%,21%,Lawful Good,Female,"Female, Humanoid, Saberface, Servant, Weak to Enuma Elish",QAAAB,2,2,1,3,A-,Barrier,Arts,－
59,Orion,60,5-star,Archer,オリオン,"Artemis (アルテミス?), Super Orion",16,1716,11107,2134,14553,12158,15943,"Canna Nobutoshi, Sawashiro Miyuki",I-IV,Sky,Semi Reverse S,153.0,8%,1%,3%,27%,Chaotic Neutral,Male,"Greek Mythology Males, Humanoid, Male, Servant, Weak to Enuma Elish",QQAAB,3,1,1,4,A+,Anti-Unit,Arts,5.0
60,Elizabeth Báthory (Halloween),61,4-Star,Caster,エリザベート・バートリー〔ハロウィン〕,"Hallo-Eli, Elisabeth Báthory (Halloween)",12,1436,8616,1824,11404,10432,13827,Ookubo Rumi,Wada Arco,Man,Semi Reverse S,49.0,10.8%,1.6%,3%,42%,Chaotic Evil,Female,"Dragon, Female, Humanoid, Servant, Weak to Enuma Elish",QAAAB,2,1,1,4,E-,Anti-Unit,Buster,5.0
61,Tamamo no Mae,62,5-star,Caster,玉藻の前,"Fox Priestess of Peerless Beauty (絶世の美女巫女狐, Zessei no Bijo Miko-Gitsune?)Cas-ko (キャス狐こ?), Mizukume, Otama",16,1629,10546,2091,14259,11544,15621,Saito Chiwa,Wada Arco,Sky,Linear,49.0,11%,0.32%,3%,36%,Neutral Evil,Female,"Divine, Female, Humanoid, Servant, Weak to Enuma Elish",QAAAB,3,5,1,4,D-,Anti-Army,Arts,－
62,David,63,3-Star,Archer,ダビデ,-,7,1436,7736,1555,8643,10470,11719,Nakamura Yuuichi,Ginka,Sky,Semi Reverse S,153.0,8%,0.76%,3%,36%,Lawful Neutral,Male,"Humanoid, King, Male, Servant, Weak to Enuma Elish",QAAAB,2,2,1,3,C-,Anti-Unit,Buster,1.0
63,Hector,64,3-Star,Lancer,ヘクトール,"Hektor, Hector of the Gleaming Helmet",7,1334,6928,1726,10200,9376,13829,Yasui Kunihiko,BLACK,Man,Linear,90.0,12.2%,1.08%,4%,28%,Lawful Neutral,Male,"Greek Mythology Males, Humanoid, Male, Riding, Servant, Weak to Enuma Elish",QQABB,2,2,1,3,A-,Anti-Army,Buster,1.0
64,Francis Drake,65,5-star,Rider,フランシス・ドレイク,"Voyager of the Storm (嵐の航海者, Arashi no Kōkai-sha?)El Draque, King of Storms, King of Ghosts",16,1750,11326,1881,12830,12398,14056,Takano Urara,Wada Arco,Star,Reverse S,208.0,9%,0.42%,3%,50%,Chaotic Evil,Female,"Female, Humanoid, Riding, Servant",QAABB,6,4,2,4,A,Anti-Army,Buster,5.0
65,Anne Bonny & Mary Read,66,4-Star,Rider,アン・ボニー＆メアリー・リード,-,12,1504,9029,1805,11286,10932,13684,"Nonaka Ai, Kawasumi Ayako",I-IV,Man,Semi S,200.0,9.1%,0.84%,3%,50%,Chaotic Evil,Female,"Female, Humanoid, Servant, Weak to Enuma Elish",QQAAB,2,2,1,3,C+,Anti-Unit,Quick,6.0
66,Medea (Lily),67,4-Star,Caster,メディア〔リリィ〕,-,12,1294,7766,2091,13070,9403,15847,Nonaka Ai,Koyama Hirokazu,Earth,Reverse S,51.0,10.7%,0.4%,3%,36%,Lawful Good,Female,"Argo-Related, Female, Humanoid, Servant, Weak to Enuma Elish",QAAAB,4,4,3,5,C-,Anti-Thaumaturgy,Arts,－
67,Okita Sōji,68,5-star,Saber,沖田総司,"Okita Souji, Sakura Saber",16,1865,12068,1939,13225,13210,14489,Yūki Aoi,Takeuchi Takashi,Man,Reverse S,98.0,10.2%,1.09%,3%,35%,True Neutral,Female,"Female, Humanoid, Riding, Saberface, Servant, Weak to Enuma Elish",QQABB,5,2,1,3,-,Anti-Unit Mystic Sword,Quick,3.0
68,Oda Nobunaga,69,4-Star,Archer,織田信長,"Demon King of the Sixth Heaven (第六天魔王, Dairoku Ten-Maō?)Demon Archer, Big Fool of Owari, Nobu",12,1582,9494,1862,11637,11495,14110,Kugimiya Rie,pako,Man,Linear,150.0,7.9%,0.43%,3%,31.5%,Lawful Neutral,Female,"Female, Humanoid, King, Servant, Weak to Enuma Elish",QAABB,2,4,4,5,E~A,Anti-Army,Buster,10.0
69,Scáthach,70,5-star,Lancer,スカサハ,"Queen of the Land of Shadows (影の国の女王, Kage no Kuni no Joō?)Witch of Dún Scáith, Lord of Spirits, Shishou",16,1758,11375,2174,14825,12452,16241,Noto Mamiko,Koyama Hirokazu,Star,Linear,88.0,12.2%,0.71%,4%,32%,Neutral Good,Female,"Female, Humanoid, King, Servant, Weak to Enuma Elish",QQABB,2,3,6,7,B,Anti-Unit,Quick,1.0
70,Diarmuid Ua Duibhne,71,3-Star,Lancer,ディルムッド・オディナ,"Beautiful Young Warrior (麗しの若武者, Uruwashi no Wakamusha?)Diarmuid O'Dyna, Diarmuid of the Love Spot",7,1277,6877,1817,10098,9307,13691,Midorikawa Hikaru,Mata,Earth,Reverse S,87.0,12.3%,0.79%,4%,36%,Lawful Neutral,Male,"Brynhildr's Beloved, Humanoid, Male, Servant, Weak to Enuma Elish",QQAAB,2,2,2,4,B,Anti-Unit,Quick,2.0
71,Fergus mac Róich,72,3-Star,Saber,フェルグス・マック・ロイ,-,7,1385,7460,1761,9786,10096,13268,Kuroda Takaya,B-suke,Earth,Semi Reverse S,99.0,10%,1.09%,3%,35%,Lawful Neutral,Male,"Brynhildr's Beloved, Humanoid, King, Male, Riding, Servant, Weak to Enuma Elish",QABBB,2,2,1,3,A+,Anti-Army,Buster,5.0
72,Artoria Pendragon (Santa Alter),73,4-Star,Rider,アルトリア・ペンドラゴン〔サンタオルタ〕,-,12,1543,9258,1805,11286,11209,13684,Kawasumi Ayako,Takeuchi Takashi,Man,Semi S,204.0,8.9%,0.87%,3%,35%,Lawful Good,Female,"Arthur, Dragon, Female, Humanoid, King, Riding, Saberface, Servant, Weak to Enuma Elish",QAABB,2,2,1,3,A++,Anti-Fortress,Buster,3.0
73,Nursery Rhyme,74,4-Star,Caster,ナーサリー・ライム,Alice,12,1438,8629,1901,11882,10448,14407,Nonaka Ai,Wada Arco,Man,Linear,50.0,10.8%,0.54%,3%,36%,True Neutral,Female,"Female, Humanoid, Servant, Weak to Enuma Elish",QAAAB,3,3,1,3,C-,Anti-Unit,Arts,3.0
74,Jack the Ripper,75,5-star,Assassin,ジャック・ザ・リッパー,"Innocent Murderer (無垢なる殺人鬼, Mukunaru Satsujinki?)切り裂きジャック, Assassin of Black, Legendary Serial Killer",16,1786,11557,1862,12696,12651,13909,Tange Sakura,Konoe Ototsugu,Earth,Semi Reverse S,97.0,25.5%,1.07%,4%,44%,Chaotic Evil,Female,"Female, Humanoid, Servant, Weak to Enuma Elish",QQQAB,5,2,2,4,D,Anti-Unit,Quick,4.0
75,Mordred,76,5-star,Saber,モードレッド,"Knight of Treachery (叛逆の騎士, Hangyaku no Kishi?)Saber of Red, The Knight of Londinium",16,1811,11723,2153,14680,12833,16083,Sawashiro Miyuki,Konoe Ototsugu,Earth,Semi Reverse S,98.0,10%,0.56%,3%,24.5%,Chaotic Neutral,Female,"Dragon, Humanoid, Riding, Saberface, Servant, Weak to Enuma Elish",QAABB,2,3,1,4,A+,Anti-Army,Buster,5.0
76,Nikola Tesla,77,5-star,Archer,ニコラ・テスラ,"Dr. Raiden (雷電博士, Raiden Hakase?)The Modern Prometheus, Godlike Genius",16,1820,11781,2027,13825,12896,15146,Inada Tetsu,Namaniku ATK (Nitroplus),Star,Reverse S,147.0,7.9%,0.87%,3%,31.5%,Chaotic Good,Male,"Brynhildr's Beloved, Humanoid, Male, Servant",QAABB,3,2,1,3,EX,Anti-Fortress,Buster,3.0
77,Artoria Pendragon (Lancer Alter),78,4-Star,Lancer,アルトリア・ペンドラゴン〔オルタ〕,"Artoria Lancer, King of Storms",12,1661,9968,1881,11761,12069,14260,Kawasumi Ayako,Ishida Akira,Sky,Semi S,88.0,11.8%,0.74%,4%,23%,Lawful Good,Female,"Arthur, Dragon, Female, King, Humanoid, Riding, Saberface, Servant, Weak to Enuma Elish",QQABB,2,3,1,4,A++,Anti-Fortress,Buster,4.0
78,Paracelsus von Hohenheim,79,3-Star,Caster,ヴァン・ホーエンハイム・パラケルスス,-,7,1246,6711,1711,9506,9082,12889,Miki Shinichirou,Nakahara,Man,Linear,50.0,10.8%,0.55%,3%,36%,Chaotic Good,Male,"Brynhildr's Beloved, Humanoid, Male, Servant, Weak to Enuma Elish",QAAAB,2,2,1,3,A+,Anti-Army,Arts,3.0
79,Charles Babbage,80,3-Star,Caster,チャールズ・バベッジ,"Dream of Steam (蒸気の夢, Jōki no Yume?)
King of Steam (蒸気王, Jōki-Ō?), Father of the Computer",7,1113,5996,1959,10887,8115,14761,Inada Tetsu,I-IV,Man,S,48.0,10.8%,0.91%,3%,36%,Chaotic Neutral,Male,"Humanoid, Male, Servant, Weak to Enuma Elish",QAABB,2,2,1,3,A+,Anti-Army,Buster,4.0
80,Henry Jekyll & Hyde,81,3-Star,Assassin,ヘンリー・ジキル＆ハイド,"Double Entities (二重存在者, Nijū Sonzai-sha?)Dr. Jekyll and Mr. Hyde, Edward Hyde",7,1173,6320,1741,9675,8553,13118,Miyano Mamoru,Nakahara,Earth,Linear,99 /  9,25.6% /  5%,1.05% /  1.02%,4% /  5%,55% /  58.5%,Lawful-Good (Jekyll) Chaotic-Evil (Hyde),Male,"Brynhildr's Beloved (Jekyll), Humanoid, Male, Servant, Weak to Enuma Elish",QQABB,2,2,1,3,C,Anti-Unit,Buster,－
81,Frankenstein,82,4-Star,Berserker,フランケンシュタイン,"Innocent Bride (無垢なる花嫁, Mukunaru Hanayome?)Berserker of Black, Fran, Frankenstein's Monster",12,1573,9441,1710,10687,11431,12958,Nonaka Ai,Okazaki Takeshi,Earth,Semi Reverse S,10.0,4.9%,0.83%,5%,58.5%,Chaotic Neutral,Female,"Female, Humanoid, Servant, Weak to Enuma Elish",QABBB,2,2,1,3,D~B,Anti-Army,Quick,6.0
82,Solomon,83,5-star,Caster,ソロモン,"Grand Caster, King of Magic, Solomon-Goetia",16,1645,10650,2091,14259,11658,15621,Sugita Tomokazu,Takeuchi Takashi,Sky,Linear,51.0,11%,1.64%,3%,33%,Lawful   Good,Male,"Humanoid, King, Large (London Demon Pillar), Male, Weak to Enuma Elish",QAAAB,2,1,1,3,-,-,-,1.0
83,Arjuna,84,5-star,Archer,アルジュナ,"The Endowed Hero (授かりの英雄, Sazukari no Eiyū?)",16,1907,12342,1940,13230,13510,14494,Shimazaki Nobunaga,pako,Sky,Semi Reverse S,154.0,8%,0.51%,3%,31.5%,Lawful Neutral,Male,"Divine, Humanoid, Male, Servant, Weak to Enuma Elish",QAAAB,2,3,3,5,A+,Anti-Army,Buster,1.0
84,Karna,85,5-star,Lancer,カルナ,"Hero of Charity (施しの英雄, Hodokoshi no Eiyū?)Lancer of Red, Son of the Sun God, Launcher",16,1850,11976,1999,13632,13110,14934,Yusa Kouji,pako,Sky,Reverse S,88.0,12.2%,0.72%,4%,28%,Lawful Good,Male,"Brynhildr's Beloved, Divine, Humanoid, Male, Riding, Servant, Weak to Enuma Elish",QQABB,3,3,1,4,EX,Anti-Divine,Buster,5.0
85,Mysterious Heroine X,86,5-star,Assassin,謎のヒロインX,"MHX, A-X, Mysterious Racer X (Summer Event)",16,1817,11761,1862,12696,12874,13909,Kawasumi Ayako,BUNBUN,Star,Linear,98.0,25.6%,0.81%,4%,38.5%,Chaotic Good,Female,"Arthur, Dragon, Female, Humanoid, King, Riding, Saberface, Servant",QQAAB,4,2,1,4,A+,Anti-Unit,Quick,12.0
86,Fionn mac Cumhaill,87,4-Star,Lancer,フィン・マックール,"Finn MacCool, Finn MacCoul",12,1488,8930,2040,12750,10812,15459,Miki Shinichirou,Moriyama Daisuke,Sky,Reverse S,89.0,12.3%,0.55%,4%,32%,True Neutral,Male,"Divine, Humanoid, Male, Servant, Weak to Enuma Elish",QQAAB,2,2,1,4,A,Anti-Army,Arts,3.0
87,Brynhildr,88,5-star,Lancer,ブリュンヒルデ,"Brynhild (Brünnhilde), Sigrdrífa",16,1766,11432,2174,14825,12514,16241,Noto Mamiko,Miwa Shirō,Sky,Semi Reverse S,87.0,12.2%,1.07%,4%,32%,Neutral Good,Female,"Divine, Female, Humanoid, Riding, Servant, Weak to Enuma Elish",QQABB,3,2,1,5,B,Anti-Unit,Buster,5.0
88,Beowulf,89,4-Star,Berserker,ベオウルフ,King of Savagery,12,1707,10247,1652,10327,12407,12521,Nakai Kazuya,Simosi,Earth,Linear,10.0,4.9%,0.68%,5%,58.5%,Chaotic Good,Male,"Brynhildr's Beloved, Humanoid, King, Male, Servant, Weak to Enuma Elish",QABBB,3,3,1,4,A+,Anti-Unit,Buster,12.0
89,Nero Claudius (Bride),90,5-star,Saber,ネロ・クラウディウス 〔ブライド〕,Saber Bride,16,1793,11607,2089,14248,12706,15609,Tange Sakura,Wada Arco,Man,Semi S,102.0,10.1%,0.7%,3%,35%,Chaotic Bride,Female,"Female, Humanoid, King, Riding, Roman, Saberface, Servant, Weak to Enuma Elish",QAABB,3,3,1,5,B+,Anti-Unit,Arts,2.0
90,Ryōgi Shiki (Saber),91,5-star,Saber,両儀式,"「Ryōgi Shiki」, Void Shiki, Saber Shiki",16,1656,10721,2266,15453,11736,16929,Sakamoto Maaya,Takeuchi Takashi,Man,S,102.0,9.9%,0.84%,3%,24.5%,True Neutral,Female,"Female, Humanoid, Pseudo-Servant, Servant",QAABB,4,2,1,4,EX,Anti-Unit,Arts,1.0
91,Ryōgi Shiki (Assassin),92,4-Star,Assassin,両儀式,Ryougi Shiki,12,1477,8867,1768,11055,10736,13404,Sakamoto Maaya,Takeuchi Takashi,Man,Linear,102.0,25.6%,0.8%,4%,44%,Chaotic   Good,Female,"Female, Humanoid, Living Human, Pseudo-Servant, Servant",QQAAB,4,2,1,5,EX,Anti-Unit,Arts,3.0
92,Amakusa Shirō,93,5-star,Ruler,天草四郎,"The One who Sought for an Endless Dream (終わりのない夢を追う者, Owari no Nai Yume wo Ou-mono?), Amakusa Shirou,Amakusa Shirō Tokisada (天草四郎時貞?), Shirō Kotomine (シロウ・コトミネ?)",16,1695,10972,2069,14107,12011,15455,Uchiyama Kōki,Konoe Ototsugu,Man,Reverse S,100.0,10%,0.86%,3%,21%,Lawful Good,Male,"Humanoid, Male, Servant, Weak to Enuma Elish",QAABB,3,2,1,7,A+,Anti-Army,Buster,1.0
93,Astolfo,94,4-Star,Rider,アストルフォ,"Knight of Evaporated Sanity (理性蒸発の騎士, Risei Jōhatsu no Kishi?) Rider of Black, Sailor Paladin",12,1489,8937,1787,11172,10821,13546,Ookubo Rumi,Konoe Ototsugu,Earth,Semi Reverse S,205.0,9%,0.66%,1%,40%,Chaotic Good,Unknown,"Humanoid, Riding, Servant, Weak to Enuma Elish",QQQAB,2,2,1,4,B+,Anti-Army,Quick,1.0
94,Kid Gil,95,3-Star,Archer,子ギル,"Ko-Gil, Young Gil, Child Gil, Gil-kun, Gilgamesh (Child)",7,1429,7696,1571,8731,10415,11838,Endou Aya,Sky Sphere,Sky,Reverse S,153.0,7.9%,0.62%,3%,36%,Chaotic Good,Male,"Divine, Humanoid, King, Male, Servant, Weak to Enuma Elish",QAABB,3,3,3,3,B+,Anti-Unit,Buster,10.0
95,Edmond Dantès,96,5-star,Avenger,巌窟王 エドモン・ダンテス,"The Count of Monte Cristo (モンテ・クリスト伯爵?), The King of the Cavern (巌窟王, Gankutsuō?)",16,1953,12641,1785,12177,13838,13340,Shimazaki Nobunaga,Komatsuzaki Rui,Man,S,30.0,5.9%,0.62%,6%,7%,Chaotic Evil,Male,"Humanoid, Male, Servant, Weak to Enuma Elish",QQABB,4,2,3,5,A,Anti-Army,Quick,8.0
96,Nightingale,97,5-star,Berserker,ナイチンゲール,"Angel of Crimea (クリミアの天使, Kurimia no Tenshi?)Florence Nightingale (フローレンス・ナイチンゲール), Mercédès, The White Cloth of Steel, The Lady with the Lamp",16,1573,10184,2232,15221,11148,16675,Sawashiro Miyuki,Takahashi Keitarō,Man,Semi S,10.0,5%,0.77%,5%,56.8%,Lawful Good,Female,"Female, Humanoid, Servant, Weak to Enuma Elish",QAABB,6,2,1,5,C,Anti-Army,Arts,－
97,Cú Chulainn (Alter),98,5-star,Berserker,クー・フーリン〔オルタ〕,"Cú Alter, Mad King Cú Chulainn",16,1979,12805,1790,12210,14017,13377,Canna Nobutoshi,Shimadoriru,Earth,Reverse S,9.0,5.1%,0.69%,5%,52%,Chaotic Evil,Male,"Brynhildr's Beloved, Divine, Humanoid, Male, Servant, Weak to Enuma Elish",QABBB,4,3,3,5,A,Anti-Unit,Buster,12.0
98,Medb,99,5-star,Rider,女王メイヴ,"Queen of Connacht (コノートの女王, Konōto no Joō?)Queen Medb, Eternal Lady",16,1591,10296,2048,13968,11270,15303,Sakura Ayane,Takayama Kisai,Earth,Linear,208.0,9%,0.86%,3%,40%,Chaotic Evil,Female,"Female, Humanoid, King, Riding, Servant, Weak to Enuma Elish",QAABB,3,2,1,7,B,Anti-Army,Buster,5.0
99,Helena Blavatsky,100,4-Star,Caster,エレナ・ブラヴァツキー,"Elena Blavatsky, Madame Blavatsky, Еле́на Петро́вна Блава́тская, Yelena Petrovna Blavatskaya",12,1438,8629,1901,11882,10448,14407,Kanemoto Hisako,MatsuRyuu,Man,Linear,51.0,10.7%,0.45%,3%,36%,Chaotic Good,Female,"Female, Humanoid, Servant, Weak to Enuma Elish",QAAAB,6,3,1,3,A,Anti-Army,Arts,3.0
100,Rama,101,4-Star,Saber,ラーマ,-,12,1642,9854,1901,11882,11931,14541,Sawashiro Miyuki,Rin Kususaga,Sky,Semi Reverse S,100.0,10.2%,0.84%,3%,24.5%,Lawful Good,Male,"Brynhildr's Beloved, Divine, Humanoid, King, Male, Riding, Servant, Weak to Enuma Elish",QAABB,2,2,1,4,A+,Anti-Demon,Buster,5.0
101,Li Shuwen (Lancer),102,4-Star,Lancer,神槍 李書文,"No Second Strike (二の打ち要らず, Ni no Uchi Irazu?)Legendary Spearman, God Spear Li (神槍李)",12,1608,9653,1817,11360,11688,13774,Yasui Kunihiko,Wada Arco,Man,S,87.0,12.2%,0.52%,4%,40%,Neutral Evil,Male,"Humanoid, Male, Servant, Weak to Enuma Elish",QQAAB,3,3,1,5,-,Anti-Unit,Arts,3.0
102,Thomas Edison,103,4-Star,Caster,トーマス・エジソン,"The Wizard of Menlo Park (メンロパークの魔術師, Menropāku no Majutsu-shi?)Thomas Alva Edison, King of Inventors",12,1325,7952,1901,11882,9628,14407,Terashima Takuma,pako,Man,Semi Reverse S,51.0,10.6%,0.51%,3%,60%,Lawful Neutral,Male,"Humanoid, Male, Servant, Weak to Enuma Elish",QAAAB,3,3,3,5,EX,Anti-Populace,Arts,1.0
103,Geronimo,104,3-Star,Caster,ジェロニモ,"Goyaałé, Jeronimo",7,1273,6857,1642,9123,9280,12369,Egawa Hisao,Sakamoto Mineji,Man,Linear,49.0,11%,0.9%,3%,40.5%,Neutral Good,Male,"Brynhildr's Beloved, Humanoid, Male, Servant, Weak to Enuma Elish",QAABB,2,2,1,4,B,Anti-Army,Arts,1.0
104,Billy the Kid,105,3-Star,Archer,ビリー・ザ・キッド,Juvenile Rascal King (少年悪漢王?),7,1279,6890,1711,9506,9325,12889,Takano Urara,Shimaudon,Man,Linear,150.0,8%,0.56%,3%,45%,Chaotic   Neutral,Male,"Humanoid, Male, Riding, Servant, Weak to Enuma Elish",QQAAB,2,3,4,4,C++,Anti-Unit,Quick,3.0
105,Jeanne d'Arc (Alter),106,5-star,Avenger,ジャンヌ・ダルク〔オルタ〕,"Dragon Witch (竜の魔女 Ryū no Majo), Jalter, Witch of Vengeance, 邪ンヌ",16,2046,13244,1724,11761,14498,12885,Sakamoto Maaya,Takeuchi Takashi,Man,S,29.0,6%,0.83%,5%,5.7%,Chaotic Evil,Female,"Female, Humanoid, Saberface, Servant, Weak to Enuma Elish",QAABB,3,2,4,7,A+,Anti-Army,Buster,10.0
106,Angra Mainyu,107,2-Star,Avenger,アンリマユ,"Avenger, All the World's Evil, King of Daemons, Aŋra Mainiiu",4,1008,5683,1502,7981,8235,11518,Terashima Takuma,Nekotawawa,Man,Linear,29.0,6%,0.79%,5%,9%,Chaotic Evil,Male,"Humanoid, Male, Servant, Weak to Enuma Elish",QQAAB,3,2,1,4,C-,Anti-Unit,Arts,1.0
107,Iskandar,108,5-star,Rider,イスカンダル,"The King of Conquerors of the Distant Lands (遥かなる征服王, Harukanaru Seifuku-ō?) Alexander the Great, King of Conquerors",16,1786,11560,1938,13219,12654,14482,Ootsuka Akio,Takeuchi Takashi,Man,Reverse S,205.0,8.8%,0.66% / 0.86%,3%,40%,Neutral Good,Male,"Brynhildr's Beloved, Divine, Greek Mythology Males, Humanoid, King, Male, Riding, Servant, Weak to Enuma Elish",QAABB,3,2,1,6,EX,Anti-Army,Buster,8.0
108,EMIYA (Assassin),109,4-Star,Assassin,エミヤ〔アサシン〕,"Emiya Kiritsugu (衛宮切嗣, Emiya Kiritsugu?), Magus Killer",12,1493,8958,1786,11168,10846,13541,Koyama Rikiya,AKIRA,Man,Semi Reverse S,97.0,25.6%,0.46% 0.28%,4%,44%,Chaotic Evil,Male,"Brynhildr's Beloved, Humanoid, Male, Servant, Weak to Enuma Elish",QQAAB,4,2,6,8,B,Anti-Unit,Arts,15.0
109,Hassan of the Hundred Faces,110,3-Star,Assassin,百貌のハサン,"Leader of Hashasheen (暗殺教団教主, Ansatsu Kyōdan Kyōshu?)Asa-ko (アサ子?), Hundred-Faced Hassan, Hassan of the Hundred Personas",7,1241,6686,1675,9310,9049,12623,Abe Akina,Task Ohna,Man,Semi S,97.0,25.5%,0.48% 0.38%,4%,44%,Lawful Evil,Female,"Female, Humanoid, Servant, Weak to Enuma Elish",QQAAB,3,3,1,6,B+,Anti-Unit,Arts,13.0
110,Irisviel (Dress of Heaven),111,4-Star,Caster,アイリスフィール〔天の衣〕,"Irisviel von Einzbern, Iri, White Holy Grail, Irisviel (Holy Grail)",12,1372,8237,1996,12476,9973,15127,Ohara Sayaka,Shimaudon,Sky,Semi Reverse S,50.0,10.8%,0.42%,3%,34.5%,Chaotic Good,Female,"Divine, Female, Humanoid, Servant, Weak to Enuma Elish",QAAAB,3,3,3,4,B,Magecraft,Arts,－
111,Shuten Dōji,112,5-star,Assassin,酒呑童子,"Shuten-Douji, Saṃghāta Hell Berserker, Ibuki-Dōji?",16,1853,11993,1881,12825,13128,14050,Yūki Aoi,Honjou Raita,Earth,Semi Reverse S,98.0,25%,0.55%,4%,31.6%,Chaotic Evil,Female,"Demonic, Divine, Dragon, Female, Humanoid, Servant, Weak to Enuma Elish",QQAAB,4,3,1,6,B,Anti-Army,Arts,1.0
112,Xuanzang Sanzang,113,5-star,Caster,玄奘三蔵,"The Bonze of Tang Dynasty (唐代の法師, Tō-dai no Hōshi?)Genjou Sanzou",16,1801,11658,1901,12965,12761,14204,Komatsu Mikako,Okazaki Takeshi,Man,S,52.0,11%,0.82%,3%,34.5%,Lawful Good,Female,"Divine, Female, Humanoid, Servant, Weak to Enuma Elish",QAAAB,3,2,1,6,B,Anti-Army,Buster,12.0
113,Minamoto no Raikō,114,5-star,Berserker,源頼光,"Minamoto no Yorimitsu, Minamoto no Raikou, Ushi Gozen, Kālasūtra Hell Rider",16,1786,11556,1980,13500,12650,14790,Tomatsu Haruka,Honjou Raita,Sky,Semi S,9.0,4.9%,0.46%,5%,39%,Chaotic Good,Female,"Divine, Female, Humanoid, Riding, Servant, Weak to Enuma Elish",QAABB,3,4,1,5,B++,Anti-Army,Buster,7.0
114,Sakata Kintoki (Rider),115,4-Star,Rider,坂田金時,Kintarō (金太郎?),12,1636,9819,1728,10800,11889,13095,Yusa Kōji,Honjou Raita,Earth,Reverse S,198.0,9%,1.15%,3%,40%,Lawful Good,Male,"Brynhildr's Beloved, Divine, Humanoid, Male, Servant, Weak to Enuma Elish",QQABB,4,2,1,5,B,Anti-Army,Quick,4.0
115,Ibaraki Dōji,116,4-Star,Berserker,茨木童子,"Ibaraki-Douji, Banana Oni",12,1606,9636,1752,10954,11667,13282,Touyama Nao,Hidari,Earth,Semi S,10.0,4.9%,1.03%,5%,52%,Chaotic Evil,Female,"Demonic, Female, Humanoid, Servant, Weak to Enuma Elish",QABBB,4,2,1,5,B,Anti-Army,Buster,1.0
116,Fūma Kotarō,117,3-Star,Assassin,風魔小太郎,"Fuuma Kotarou, Fuuma ""Evil-Wind"" Kotarou",7,1316,7091,1592,8844,9597,11991,Hanae Natsuki,Sasaki Shonen,Man,Reverse S,100.0,25.6%,0.54%,4%,38.5%,Chaotic Evil,Male,"Humanoid, Male, Servant, Weak to Enuma Elish",QQQAB,4,4,1,4,B,Anti-Army,Quick,5.0
117,Ozymandias,118,5-star,Rider,オジマンディアス,"King of GodsPharaoh (神王, Shin-Ō?)Ramesses II, King of Kings, Meryamen, Sun King, God-king",16,1850,11971,1881,12830,13104,14056,Koyasu Takehito,Nakahara,Sky,Linear,205.0,9%,0.59%,3%,30%,Chaotic Neutral,Male,"Brynhildr's Beloved, Divine, Humanoid, King, Male, Riding, Servant, Weak to Enuma Elish",QAABB,5,3,1,5,EX,Anti-Fortress,Buster,5.0
118,Artoria Pendragon (Lancer),119,5-star,Lancer,アルトリア・ペンドラゴン,"Lion King (獅子王, Shishi-Ō?)King Arthur, King of Knights, Goddess of Rhongomyniad",16,1699,10995,2288,15606,12036,17097,Kawasumi Ayako,Ishida Akira,Sky,Linear,89.0,12.2%,1.1%,4%,24%,Lawful Good,Female,"Arthur, Dragon, Female, King, Humanoid, Riding, Saberface, Servant, Weak to Enuma Elish",QQABB,3,2,1,5,A++,Anti-Fortress,Buster,2.0
119,Nitocris,120,4-Star,Caster,ニトクリス,"Avatar of the Sky (天空の化身, Tenkū no Keshin?)Nitocret",12,1510,9060,1806,11288,10970,13686,Tanaka Minami,Shimaudon,Earth,Reverse S,50.0,10.8%,0.54%,3%,36%,Lawful Good,Female,"Divine, Female, Humanoid, King, Servant, Weak to Enuma Elish",QAAAB,4,3,3,5,B+,Anti-Army,Arts,3.0
120,Lancelot (Saber),121,4-Star,Saber,ランスロット,"Sir Lancelot du Lac, Lord of Joyous Gard, Knight of the Lake",12,1658,9949,1854,11589,12046,14051,Okiayu Ryoutarou,Shimadoriru,Earth,S,100.0,10%,0.83%,3%,28%,Lawful Good,Male,"Brynhildr's Beloved, Humanoid, Male, Riding, Servant, Weak to Enuma Elish",QAABB,3,2,4,5,A,Anti-Army,Arts,1.0
121,Tristan,122,4-Star,Archer,トリスタン,"Drustanus, Trystan, Tristram, Trischin, Child of Sadness",12,1622,9735,1862,11637,11787,14110,Uchiyama Kouki,Morii Shizuki,Earth,S,145.0,8.1%,0.58%,3%,31.5%,Lawful Good,Male,"Humanoid, Male, Servant, Weak to Enuma Elish",QQAAB,4,3,5,6,A,Anti-Army,Quick,7.0
122,Gawain,123,4-Star,Saber,ガウェイン,"Holy Sword of the Sun (太陽の聖剣, Taiyō no Seiken?)Knight of the Sun, White Knight of the Round Table",12,1695,10173,1827,11419,12317,13845,Mizushima Takahiro,Wada Arco,Earth,Linear,102.0,10%,1.14%,3%,21%,Lawful Good,Male,"Brynhildr's Beloved, Humanoid, Male, Riding, Servant, Weak to Enuma Elish",QABBB,2,2,1,5,A+,Anti-Army,Buster,4.0
123,Hassan of the Serenity,124,3-Star,Assassin,静謐のハサン,Mary,7,1232,6636,1675,9310,8981,12623,Senbongi Sayaka,Nakahara,Man,Semi Reverse S,102.0,25.6%,0.53%,4%,44%,Lawful Evil,Female,"Female, Humanoid, Servant, Weak to Enuma Elish",QQAAB,3,3,4,5,C,Anti-Unit,Arts,1.0
124,Tawara Tōta,125,3-Star,Archer,俵藤太,"Fujiwara no Hidesato (藤原秀郷?), Tawara no Touta",7,1306,7032,1764,9800,9517,13287,Suzumura Kenichi,Simosi,Man,Semi S,150.0,7.8%,0.57%,3%,36%,Neutral Good,Male,"Brynhildr's Beloved, Humanoid, Male, Servant, Weak to Enuma Elish",QAABB,2,3,1,5,B,Anti-Army,Buster,3.0
125,Bedivere,126,3-Star,Saber,ベディヴィエール,"The Silver Arm (銀色の腕, Gin'iro no Ude?)Lucius, The Shining Airgetlám",7,1416,7627,1727,9595,10322,13009,Miyano Mamoru,Sky Sphere,Star,S,100.0,10.2%,1.11%,3%,28%,Lawful Good,Male,"Brynhildr's Beloved, Humanoid, Male, Riding, Servant, Weak to Enuma Elish",QQABB,2,2,1,5,C,Anti-Unit,Buster,2.0
126,Leonardo Da Vinci,127,5-star,Caster,レオナルド・ダ・ヴィンチ,"Universal Genius (万能の天才), Da Vinci-chan (ダ・ヴィンチちゃん), Shopkeeper",16,1637,10598,2091,14259,11601,15621,Sakamoto Maaya,Simosi,Star,Semi S,50.0,10.8%,0.54%,3%,34.5%,Chaotic Good,Female,"Female, Humanoid, Servant, Weak to Enuma Elish",QAAAB,4,3,1,4,EX,Anti-UnitAnti-Army,Arts,1.0
127,Tamamo no Mae (Lancer),128,5-star,Lancer,玉藻の前; タマモちゃんサマー,"Summer Tamamo-chan, Tamamo Shark",16,1657,10726,2221,15147,11741,16594,Saito Chiwa,Wada Arco,Sky,Linear,91.0,12.2%,1.05%,4%,40%,Neutral Summer,Female,"Divine, Female, Humanoid, Riding, Servant, Weak to Enuma Elish",QQABB,4,2,3,4,C,Anti-Unit,Buster,4.0
128,Artoria Pendragon (Archer),129,5-star,Archer,アルトリア・ペンドラゴン,Archuria,16,1742,11276,2134,14553,12343,15943,Kawasumi Ayako,Takeuchi Takashi,Earth,Linear,153.0,8%,0.59%,3%,25.8%,Lawful Good,Female,"Arthur, Dragon, Female, Humanoid, King, Saberface, Servant, Weak to Enuma Elish",QQAAB,4,3,3,5,A,Anti-Unit,Arts,10.0
129,Marie Antoinette (Caster),130,4-Star,Caster,マリー・アントワネット,-,12,1510,9060,1824,11404,10970,13827,Taneda Risa,Ginka,Man,Reverse S,50.0,10.9%,0.32%,3%,36%,Lawful Good,Female,"Female, Humanoid, Servant, Weak to Enuma Elish",QAAAB,3,5,1,4,A,Anti-ArmyAnti-Populace,Arts,3.0
130,Anne Bonny & Mary Read (Archer),131,4-Star,Archer,アン・ボニー＆メアリー・リード,-,12,1574,9446,1843,11521,11437,13969,"Nonaka Ai, Kawasumi Ayako",I-IV,Man,Semi S,153.0,8.1%,0.85%,3%,40.5%%,Chaotic Neutral,Female,"Female, Humanoid, Servant, Weak to Enuma Elish",QAABB,3,2,1,5,C++,Anti-Unit,Buster,9.0
131,Mordred (Rider),132,4-Star,Rider,モードレッド,"Miss Surfer Mor, Miss Su-Mor",12,1535,9212,1824,11400,11154,13822,Sawashiro Miyuki,Konoe Ototsugu,Earth,Semi Reverse S,204.0,9.2%,0.71%,3%,35%,Chaotic Good,Female,"Dragon, Female, Humanoid, Saberface, Servant, Weak to Enuma Elish",QQAAB,3,2,1,4,A,Anti-Wave,Arts,5.0
132,Scáthach (Assassin),133,4-Star,Assassin,スカサハ,-,12,1508,9049,1786,11168,10956,13541,Noto Mamiko,Koyama Hirokazu,Star,Linear,98.0,25.6%,0.71%,4%,44%,Neutral Good,Female,"Female, Humanoid, King, Servant, Weak to Enuma Elish",QQQAB,3,3,3,5,B+,Anti-UnitAnti-Army,Quick,5.0
133,Kiyohime (Lancer),134,4-Star,Lancer,清姫〔ランサー〕,-,12,1489,8936,1899,11870,10820,14392,Taneda Risa,BLACK,Earth,Linear,92.0,12%,1.05%,4%,40%,Chaotic Evil,Female,"Dragon, Female, Humanoid, Servant, Weak to Enuma Elish",QQABB,2,2,6,5,A,Anti-Unit,Buster,6.0
134,Martha (Ruler),135,4-Star,Ruler,マルタ,Saint Martha (Ruler),12,1591,9546,1800,11250,11558,13640,Hayami Saori,Sakamoto Mineji,Man,Linear,102.0,10%,0.76%,3%,21%,Lawful Good,Female,"Female, Humanoid, Servant, Weak to Enuma Elish",QABBB,4,3,1,5,A,Anti-UnitAnti-Dragon,Buster,10.0
135,Illyasviel von Einzbern,136,5-star,Caster,イリヤスフィール・フォン・アインツベルン,Illya,16,1677,10857,2027,13825,11885,15146,"Kadowaki Mai, Takano Naoko",Hiroyama Hiroshi,Man,Reverse S,51.0,10.7%,0.32%,3%,42%,Neutral Good,Female,"Female, Humanoid, Illya, Living Human, Pseudo-Servants, Servant, Weak to Enuma Elish",QAAAB,3,5,1,5,A+,Anti-Unit,Buster,4.0
136,Chloe von Einzbern,137,4-Star,Archer,クロエ・フォン・アインツベルン,Kuro,12,1640,9845,1746,10914,11920,13239,Saito Chiwa,Hiroyama Hiroshi,Sky,Reverse S,148.0,8%,0.38%,3%,36%,Chaotic Good,Female,"Female, Humanoid, Living Human, Servant, Weak to Enuma Elish",QQAAB,3,6,2,4,C,Anti-Unit,Arts,6.0
137,Elizabeth Báthory (Brave),138,4-Star,Saber,エリザベート・バートリー〔ブレイブ〕,"Brave-Eliza, Elizabeth Bathory (Brave)",12,1649,9899,1799,11248,11986,13638,Ookubo Rumi,Wada Arco,Earth,Reverse S,100.0,9.9%,0.55%,3%,28%,Chaotic Good,Female,"Dragon, Female, Humanoid, Servant, Weak to Enuma Elish",QAABB,4,3,1,5,B,Anti-Army,Buster,7.0
138,Cleopatra,139,5-star,Assassin,クレオパトラ,The Last Pharaoh,16,1713,11088,1965,13402,12138,14682,Kugimiya Rie,Komatsuzaki Rui,Man,Linear,98.0,25.5%,1.06%,4%,49.5%,Lawful Neutral,Female,"Divine, Female, Humanoid, King, Servant, Weak to Enuma Elish",QQABB,4,2,3,6,A,Anti-Army,Buster,5.0
139,Vlad III (EXTRA),140,4-Star,Lancer,ヴラド三世〔EXTRA〕,"Vlad the Impaler, Vlad Ţepeş, Count Dracula",12,1462,8775,2080,13005,10625,15769,Egawa Hisao,Wada Arco,Man,S,88.0,11.6%,1.1%,4%,24%,Lawful Good,Male,"Humanoid, King, Male, Servant, Weak to Enuma Elish",QQABB,3,2,3,5,C,Anti-Army,Buster,6.0
140,Jeanne d'Arc (Alter) (Santa Lily),141,4-Star,Lancer,ジャンヌ・ダルク・オルタ・サンタ・リリィ,Joan of Arc,12,1543,9261,1899,11870,11213,14392,Sakamoto Maaya,Takeuchi Takashi,Man,Reverse S,92.0,12.1%,0.72%,4%,28%,Chaotic Good,Female,"Female, Humanoid, Saberface, Servant, Weak to Enuma Elish",QQABB,3,3,1,5,A+,Anti-Army,Buster,5.0
141,Ishtar,142,5-star,Archer,イシュタル,"Goddess of Venus (金星の女神, Kinsei no Megami?)Inanna, Mistress of Heaven, Tohsaka Rin (遠坂凛, Tōsaka Rin?)",16,1893,12252,2048,13965,13412,15299,Ueda Kana,Morii Shizuki,Sky,Linear,153.0,8%,0.45%,3%,22.5%,Lawful Good,Female,"Divine, Female, Humanoid, Living Human, Pseudo-Servant, Servant, Weak to Enuma Elish",QAABB,4,4,1,7,A++,Anti-Mountain,Buster,3.0
142,Enkidu,143,5-star,Lancer,エルキドゥ,"Chains of Heaven (天の鎖, Ten no Kusari?)",16,1666,10780,2244,15300,11800,16762,Kobayashi Yū,Morii Shizuki,Sky,Reverse S,90.0,12%,0.53%,4%,28%,True Neutral,Unknown,"Humanoid, Servant, Weak to Enuma Elish",QQQAB,4,5,1,6,A++,Anti-Purge,Buster,5.0
143,Quetzalcoatl,144,5-star,Rider,ケツァル・コアトル,"Feathered Serpent, Winged Serpent, Great Firebird of the Sun, Wind of Mesoamerica, Kukulkan, Kuku, Coatl",16,1854,12001,1900,12960,13137,14198,Endou Aya,Hiroe Rei,Sky,Linear,205.0,9%,0.9%,3%,25%,Lawful Good,Female,"Divine, Female, Humanoid, King, Riding, Servant, Weak to Enuma Elish",QAABB,3,2,3,5,A,Anti-UnitAnti-Fortress,Buster,1.0
144,Gilgamesh (Caster),145,4-Star,Caster,ギルガメッシュ,"Sovereign of Magic Wands (魔杖の支配者, Majō no Shihai-sha?)Sage King",12,1410,8460,1920,12005,10243,14556,Seki Tomokazu,Ginka,Man,Semi S,51.0,10.9%,0.32% 0.16%,3%,42%,Lawful Good,Male,"Brynhildr's Beloved, Divine, Humanoid, King, Male, Servant, Weak to Enuma Elish",QAAAB,2,5,6,5,B,Anti-Army ~ Anti-Fortress,Arts,10.0
145,Medusa (Lancer),146,4-Star,Lancer,"メドゥーサ, アナ","Medusa Lily, Anna, Ana",12,1375,8253,2099,13119,9993,15907,Asakawa Yuu,BLACK,Earth,Semi Reverse S,89.0,12.2%,0.44%,4%,40%,Neutral Good,Female,"Divine, Female, Humanoid, Servant, Weak to Enuma Elish",QQAAB,3,4,1,5,B,Anti-Unit,Quick,8.0
146,Gorgon,147,4-Star,Avenger,ゴルゴーン,Medusa,12,1784,10706,1631,10197,12963,12364,Asakawa Yuu,Simosi,Earth,S,29.0,6%,0.37%,5%,7%,Chaotic Evil,Female,"Female, Humanoid, Servant, Weak to Enuma Elish.Enemy Ver. Traits: Divine, Large, Threat to Humanity",QAABB,3,5,3,5,A,Anti-Army,Buster,3.0
147,Jaguar Man,148,3-Star,Lancer,ジャガーマン,"Jaguar Warrior (NA), Fujimura Taiga (藤村大河, Fujimura Taiga?)",7,1304,7022,1726,9593,9503,13007,Itō‏‎ Miki,Aotsuki Takao,Earth,Semi Reverse S,90.0,12%,1.05%,4%,40%,Chaotic Neutral,Female,"Beast, Divine, Female, Humanoid, Living Human, Pseudo-Servant, Servant, Weak to Enuma Elish",QQABB,2,2,4,6,B,Anti-Unit,Buster,2.0
148,Tiamat,149,5-star,Beast II,ティアマト,Beast II,16,2101,13596,2745,18720,14883,20509,Yūki Aoi,Yamanaka Kotetsu,Beast,Linear,104.0,9.9%,0%,0%,11%,Chaotic Evil,Female,"Divine, Female (Femme Fatale), Large (Dragonoid)",QAABB,1,1,1,1,—,—,Arts,1.0
149,Merlin,150,5-star,Caster,マーリン,Magus of Flowers,16,1629,10546,2091,14259,11544,15621,Sakurai Takahiro,Taiki,Earth,Semi S,49.0,10.8%,0.81%,3%,36%,Lawful Good,Male,"Humanoid, Male, Servant, Weak to Enuma Elish",QAAAB,3,2,5,6,C,Anti-Unit,Arts,-
150,Miyamoto Musashi,153,5-star,Saber,宮本武蔵; 新免武蔵守藤原玄信,"Flower of Tengen (天元の花, Tengen no Hana?), Shinmen Musashi no Kami Fujiwara no HarunobuBennosuke (弁之助), Niten Dōraku (二天道楽), Shinmen Takezō",16,1860,12037,1999,13635,13176,14938,Sakura Ayane,Koyama Hirokazu,Man,Linear,100.0,10%,0.87%,3%,35%,Chaotic Good,Female,"Female, Humanoid, Servant, Weak to Enuma Elish",QABBB,3,3,2,4,A,Anti-Unit,Buster,7.0
151,"""The Old Man of the Mountain""",154,5-star,Assassin,"""山の翁""","King Hassan, First Hassan",16,1831,11848,1956,13338,12969,14612,Nakata Jouji,Ryota-H,Man,S,98.0,25.5%,1%,4%,49.5%,Lawful Evil,Male,"Brynhildr's Beloved, Humanoid, Servant, Male, Weak to Enuma Elish",QABBB,5,3,1,6,C,Anti-Unit,Buster,1.0
152,Mysterious Heroine X (Alter),155,5-star,Berserker,謎のヒロインＸ〔オルタ〕,"MHX Alter, MHXA, Ecchan",16,1717,11113,2079,14175,12165,15529,Kawasumi Ayako,BUNBUN,Star,Semi S,9.0,5%,1.07%,5%,37.3%,Neutral Evil,Female,"Arthur, Dragon, Female, Humanoid, King, Saberface, Servant",QQABB,3,2,4,5,A+,Anti-Unit,Quick,9.0
153,James Moriarty,156,5-star,Archer,ジェームズ・モリアーティ,"Archer of Shinjuku (新宿のアーチャー?), Professor Moriarty, The Napoléon of Crime",16,1820,11781,2007,13685,12896,14992,Hashi Takaya,Honjou Raita,Man,Semi S,153.0,8%,0.38%,3%,31.5%,Chaotic Evil,Male,"Humanoid, Male, Servant, Weak to Enuma Elish",QAAAB,3,4,5,6,A+,Anti-Army,Buster,12.0
154,EMIYA (Alter),157,4-Star,Archer,エミヤ〔オルタ〕,"Emiya Shirou (衛宮士郎, Emiya Shirō?), Detroit Emiya, Demiya, Edgemiya, Edgy Emiya",12,1499,8996,1960,12250,10892,14853,Suwabe Junichi,Sasaki Shonen,Man,Linear,145.0,7.9%,0.43%,3%,31.5%,Chaotic Evil,Male,"Humanoid, Male, Servant, Weak to Enuma Elish",QQAAB,4,4,4,5,E～A,Anti-Unit,Arts,10.0
155,Hessian Lobo,158,4-Star,Avenger,ヘシアン・ロボ,"Avenger of Shinjuku (新宿のアヴェンジャー?), Rider of Shinjuku (新宿のライダー?), King of Currumpaw (Wolf), Hesse",12,1771,10628,1591,9949,12868,12063,Takeuchi Ryouta,Simosi,Earth,Semi S,29.0,6%,0.79%,5%,10%,Chaotic Evil,Male,"Beast, Humanoid, Male, Servant, Weak To Enuma Elish",QQAAB,3,2,2,5,C,Anti-Unit,Quick,8.0
156,Yan Qing,159,4-Star,Assassin,燕青,"Assassin of Shinjuku (新宿のアサシン?), Langzi (Wanderer / Prodigal), Ensei, Shinshin-san, Doppelgänger",12,1443,8661,1862,11637,10487,14110,Okamoto Nobuhiko,Shimaudon,Man,Semi Reverse S,100.0,25.6%,0.71%,4%,49.5%,Chaotic Evil,Male,"Brynhildr's Beloved, Humanoid, Male, Servant, Weak to Enuma Elish",QQQAB,3,3,1,5,A,Anti-Unit,Quick,11.0
157,Arthur Pendragon (Prototype),160,5-star,Saber,アーサー・ペンドラゴン〔プロトタイプ〕,"Knight, Proto Saber, King of Knights, King Arthur",16,1926,12465,2049,13975,13645,15310,Sakurai Takahiro,Nakahara,Earth,Linear,100.0,10%,0.84%,3%,24.5%,Lawful Good,Male,"Arthur, Brynhildr's Beloved, Dragon, Humanoid, King, Male, Riding, Servant, Weak to Enuma Elish",QAABB,3,2,1,5,EX,???,Buster,3.0
158,Hijikata Toshizō,161,5-star,Berserker,土方歳三,"Hijikata Toshizou, Demon of the Battlefield; Berserker of Bakumatsu Period; Vice Captain of Shinsengumi",16,1868,12089,1764,12028,13234,13178,Hoshino Takanori,Yogo Yū‏‎ki,Man,Linear,9.0,4.9%,1.08%,5%,65%,Lawful Evil,Male,"Humanoid, Male, Servant, Weak to Enuma Elish",QQABB,3,2,2,3,C+,Anti-Unit,Buster,5.0
159,Chacha,162,4-Star,Berserker,茶々,Yodo-dono (淀殿?),12,1490,8945,1764,11025,10831,13368,Asumi Kana,pako,Man,Semi Reverse S,10.0,4.9%,1.03%,5%,52%,Chaotic Neutral,Female,"Female, Humanoid, Servant, Weak to Enuma Elish",QABBB,3,2,5,4,C,Fortress,Buster,8.0
160,Meltlilith,163,5-star,Alter Ego,メルトリリス,"Alter Ego S, Meltryllis, Artemis, Lotan, Sarasvati",16,1807,11692,1965,13402,12799,14682,Hayami Saori,Wada Arco,Earth,Linear,100.0,10.2%,0.92%,4%,30%,Lawful Good,Female,"Divine, Female, Humanoid, Riding, Servant, Weak to Enuma Elish",QQABB,4,2,1,6,EX,Anti-Personnel,Quick,8.0
161,Passionlip,164,4-Star,Alter Ego,パッションリップ,"Alter Ego M, Parvati, Brynhildr, Durga",12,1716,10299,1744,10901,12470,13217,Ogura Yui,Wada Arco,Earth,Semi Reverse S,97.0,9.9%,0.77%,4%,35%,Lawful Neutral,Female,"Divine, Female, Humanoid, Servant, Weak to Enuma Elish",QABBB,4,3,1,5,C,Anti-Unit,Buster,12.0
162,Suzuka Gozen,165,4-Star,Saber,鈴鹿御前,"Tate Eboshi, JK Saber",12,1590,9544,1880,11753,11556,14250,Touyama Nao,Takenoko Seijin,Sky,Semi S,100.0,10.2%,0.57%,3%,21%,Neutral Evil,Female,"Divine, Female, Humanoid, Riding, Servant, Weak to Enuma Elish",QAABB,3,3,3,4,B+,Anti-Army,Buster,10.0
163,B B,166,4-Star,Moon Cancer,BB,Mysterious Black Magus,12,1366,8197,2182,13643,9925,16542,Shitaya Noriko,Wada Arco,Man,Linear,52.0,14.7%,0.61%,3%,0.6%,Chaotic Good,Female,"Female, Humanoid, Servant, Weak to Enuma Elish",QQAAB,4,3,1,4,A,Anti-Unit,Arts,5.0
164,Sesshōin Kiara,167,5-star,Alter Ego,殺生院キアラ,"Sessyoin Kiara, Sesshouin Kiara, Demonic Bodhisattva, Last Prophet, Beast III/R",16,1803,11668,2142,14606,12772,16001,Tanaka Rie,Wada Arco,Beast,Semi S,97.0,10%,0.55%,4%,25%,Chaotic Evil,Female,"Female, Humanoid, Servant, Weak to Enuma Elish",QAABB,3,3,1,5,EX,Anti-Unit,Arts,3.0
165,Scheherazade,169,5-star,Caster,シェヘラザード,"Caster of Nightless City (不夜城のキャスター?), Shahrazad (Persian)",16,1423,9212,2324,15846,10084,17360,Inoue Kikuko,Namaniku ATK (Nitroplus),Man,Semi S,52.0,10.8%,0.51%,3%,48%,Lawful Neutral,Female,"Female, Humanoid, Servant, Weak to Enuma Elish",QAAAB,4,3,4,4,EX,Anti-King,Arts,5.0
166,Wu Zetian,170,4-Star,Assassin,武則天,"Assassin of Nightless City (不夜城のアサシン?), Fūyā-chan, Nite Brite",12,1496,8981,1750,10942,10874,13267,Izawa Shiori,Harada Takehito,Man,Reverse S,102.0,25.5%,0.87%,4%,38.5%,Lawful Evil,Female,"Female, Humanoid, King, Servant, Weak to Enuma Elish",QQABB,3,3,3,3,B,Anti-Unit,Quick,4.0
167,Penthesilea,171,4-Star,Berserker,ペンテシレイア,"Berserker of El Dorado (エルドラドのバーサーカー?), Amazoness CEO",12,1750,10502,1628,10175,12716,12337,Shimamura Yuu‏‎,Shinjirō,Earth,Linear,10.0,4.9%,1.07%,5%,39%,Lawful Good,Female,"Divine, Female, Humanoid, King, Servant, Weak to Enuma Elish",QABBB,3,2,2,5,B,Anti-Unit,Buster,8.0
168,Christopher Columbus,172,3-Star,Rider,クリストファー・コロンブス,"Rider of Resistance (レジスタンスのライダー?), Cristoforo Colombo, Cristóbal Colón",7,1216,6552,1728,9600,8867,13016,Ootsuka Houchuu,Moto Murabito,Man,Linear,208.0,8.9%,0.55%,3%,50%,Neutral Evil,Male,"Humanoid, Male, Riding, Servant, Weak to Enuma Elish",QAABB,3,3,4,5,A,Anti-Army,Buster,5.0
169,Sherlock Holmes,173,5-star,Ruler,シャーロック・ホームズ,"The One who Illuminates the Truth (真実を照らす者, Shinjitsu wo Terasu mono?), Holmes",16,1776,11495,1960,13365,12583,14642,Mizushima Takahiro,Yamanaka Kotetsu,Star,Linear,100.0,10%,0.76%,3%,24.5%,Neutral Good,Male,"Humanoid, Male, Servant",QQAAB,3,3,4,5,B,Anti-UnitAnti-World,Arts,－
170,Paul Bunyan,174,1-Star,Berserker,ポール・バニヤン,Berserker of Learning with Manga,3,1099,6044,1239,6196,9391,9551,Omigawa Chiaki,Riyo,Earth,Semi Reverse S,9.0,4.9%,0.67%,5%,65%,True Neutral,Female,"Female, Humanoid, Servants, Weak to Enuma Elish",QABBB,3,3,3,4,A,Anti-Army,Buster,2.0
171,Nero Claudius (Caster),175,5-star,Caster,ネロ・クラウディウス,-,16,1677,10857,2007,13685,11885,14992,Tange Sakura,Wada Arco,Man,S,51.0,11.1%,0.40%,3%,42%,Chaotic Summer,Female,"Female, Humanoid, King, Riding, Roman, Saberface, Servant, Weak to Enuma Elish",QAABB,4,6,2,6,A,Anti-Army,Buster,5.0
172,Frankenstein (Saber),176,4-Star,Saber,フランケンシュタイン,-,12,1558,9353,1919,11993,11325,14541,Nonaka Ai,Okazaki Takeshi,Earth,Linear,102.0,9.9%,0.70%,3%,31.5%,Neutral Summer,Female,"Female, Humanoid, Riding, Servant, Weak to Enuma Elish",QQABB,3,4,5,5,D~B,Anti-Unit,Quick,5.0
173,Nitocris (Assassin),177,4-Star,Assassin,ニトクリス,-,12,1468,8812,1843,11518,10670,13965,Tanaka Minami,Shimaudon,Sky,Reverse S,102.0,25%,0.78%,3%,33%,Lawful Good,Female,"Divine, Female, Humanoid, King, Servant, Weak to Enuma Elish",QQAAB,3,2,1,4,B,Anti-Army,Arts,3.0
174,Oda Nobunaga (Berserker),178,4-Star,Berserker,織田信長,-,12,1691,10146,1603,10023,12285,12153,Kugimiya Rie,pako,Man,S,10.0,5.0%,0.93%,5.00%,52%,Chaotic Summer,Female,"Female, Humanoid, King, Servant, Weak to Enuma Elish",QABBB,3,2,6,5,E~EX,Anti-Divine,Buster,12.0
175,Artoria Pendragon (Rider Alter),179,5-star,Rider,アルトリア・ペンドラゴン〔オルタ〕,"Maid Alter, Demonic Chief Maid",16,1665,10776,2090,14256,11796,15618,Kawasumi Ayako,Takeuchi Takashi,Man,Linear,200.0,9%,0.59%,3%,30%,Lawful Evil,Female,"Arthur, Dragon, Female, Humanoid, King, Riding, Saberface, Servant, Weak to Enuma Elish",QQAAB,3,3,2,5,A,Anti-Army,Quick,6.0
176,Helena Blavatsky (Archer),180,4-Star,Archer,エレナ・ブラヴァツキー,Elena Blavatsky,12,1574,9446,1824,11404,11437,13827,Kanemoto Hisako,MatsuRyuu,Man,Linear,153.0,8%,0.38%,3%,27%,Chaotic Good,Female,"Female, Humanoid, Servant, Weak to Enuma Elish",QQAAB,3,5,1,3,B+,Anti-Army,Arts,4.0
177,Minamoto no Raikō (Lancer),181,4-Star,Lancer,源頼光,"Minamoto no Yorimitsu, Minamoto no Raikou",12,1528,9168,1938,12112,11100,14686,Tomatsu Haruka,Honjou Raita,Sky,Linear,89.0,11.8%,0.75%,4.00%,24%,Lawful Good,Female,"Divine, Female, Humanoid, Riding, Servant, Weak to Enuma Elish",QQABB,3,4,1,5,A+,Anti-Unit,Buster,6.0
178,Ishtar (Rider),182,4-Star,Rider,イシュタル,"Inanna, Mistress of Heaven, Tohsaka Rin (遠坂凛, Tōsaka Rin?)",12,1600,9603,1710,10692,11627,12964,Ueda Kana,Morii Shizuki,Sky,Reverse S,200.0,9%,0.68%,3%,35%,Lawful Good,Female,"Divine, Female, Humanoid, Living Human, Pseudo-Servant, Riding, Servant, Weak to Enuma Elish",QQAAB,2,3,5,3,EX,Anti-Unit,Quick,4.0
179,Parvati,183,4-Star,Lancer,パールヴァティー,"Pārvatī, Matou Sakura (間桐桜, Matō Sakura?)",12,1354,8127,2120,13253,9840,16069,Shitaya Noriko,Aotsuki Takao,Sky,Semi-S,90.0,11.8%,1.08%,4%,28%,Lawful Good,Female,"Divine, Female, Humanoid, Living Human, Pseudo-Servant, Servant, Weak to Enuma Elish",QQABB,3,2,3,5,EX,Anti-Army,Quick,4.0
180,Tomoe Gozen,184,4-Star,Archer,巴御前,Archer Inferno (アーチャー・インフェルノ?),12,1657,9946,1728,10804,12043,13100,Kanemoto Hisako,Shirabi,Earth,S,153.0,7.9%,0.87%,3%,31.5%,True Neutral,Female,"Demonic, Female, Humanoid, Servant, Weak to Enuma Elish",QAABB,3,2,2,5,B,Anti-Unit,Buster,1.0
181,Mochizuki Chiyome,185,4-Star,Assassin,望月千代女,Assassin Paraíso (アサシン・パライソ?),12,1418,8510,1862,11637,10304,14110,Sakura Ayane,Hiroyama Hiroshi,Earth,Linear,99.0,25.5%,0.8%,4%,44%,Chaotic Evil,Female,"Female, Humanoid, Servant, Weak to Enuma Elish",QQAAB,3,2,3,4,C,Anti-Unit,Arts,5.0
182,Hōzōin Inshun,186,3-Star,Lancer,宝蔵院胤舜,"Lancer Purgatorio (ランサー・プルガトリオ?), Houzouin Inshun",7,1261,6791,1799,9996,9191,13553,Namikawa Daisuke,MatsuRyuu,Man,Reverse-S,90.0,12.2%,1.06%,4%,36%,True Neutral,Male,"Brynhildr's Beloved, Humanoid, Male, Servant, Weak to Enuma Elish",QQQAB,3,2,2,4,C,Anti-Unit,Arts,-
183,Yagyū Munenori,187,4-Star,Saber,柳生但馬守宗矩,"Saber Empíreo, Yagyuu Munenori, Ryūtan, Yagyū Tajima-no-Kami Munenori",12,1666,9999,1781,11135,12107,13501,Yamaji Kazuhiro,Furumi Shouichi,Man,Linear,100.0,10.3%,0.81%,3%,35%,Lawful Neutral,Male,"Brynhildr's Beloved, Humanoid, Male, Riding, Servant, Weak to Enuma ElishEnemy Ver. Traits: Human",QAABB,4,2,1,4,A,Anti-Unit Secret Technique,Arts,4.0
184,Katō Danzō,188,4-Star,Assassin,加藤段蔵,"Katou Danzou, Katou ""Black Kite"" Danzo, Flying Katou, Kite Katou",12,1489,8935,1768,11055,10818,13404,Akesaka Satomi,Soga Makoto,Earth,Semi-Reverse S,100.0,25.5%,0.71%,4%,44%,True Neutral,Female,"Female, Humanoid, Servant, Weak to Enuma Elish",QQABB,4,3,2,5,C,Anti-Beast,Buster,3.0
185,Osakabehime,189,5-star,Assassin,刑部姫,Okki,16,1672,10824,2027,13822,11849,15143,Fukuen Misato,Moriyama Daisuke,Earth,Linear,102.0,24.6%,0.83%,4%,31.6%,Chaotic Neutral,Female,"Divine, Female, Humanoid, Servant, Weak to Enuma Elish",QQAAB,4,2,3,5,A+,Anti-Fortress (Self),Quick,-
186,Mecha Eli-chan,190,4-Star,Alter Ego,メカエリチャン,Magus Aegis Elizabeth Channel,12,1666,9997,1744,10901,12104,13217,Ookubo Rumi,Wada Arco,Man,Linear,97.0,9.7%,0.9%,4%,50%,Lawful Good,Female,"Female, Humanoid, Servant, Threat to Humanity, Weak to Enuma Elish",QABBB,4,3,2,4,B,Anti-Army Individual,Buster,8.0
187,Mecha Eli-chan Mk.II,191,4-Star,Alter Ego,メカエリチャンⅡ号機,"Magus Aegis Elizabeth Channel II, MK.II",12,1666,9997,1744,10901,12104,13217,Ookubo Rumi,Wada Arco,Man,Linear,97.0,9.7%,0.9%,4%,50%,Lawful Good,Female,"Female, Humanoid, Servant, Threat to Humanity, Weak to Enuma Elish",QABBB,4,3,2,4,B,Anti-Army Individual,Buster,8.0
188,Circe,192,4-Star,Caster,キルケー,Caster of Okeanos (オケアノスのキャスター?),12,1445,8671,1960,12250,10499,14853,Akaneya Himika,Hidari,Sky,Reverse S,51.0,10.8%,0.39%,3%,34.5%,Chaotic Neutral,Female,"Argo-Related, Female, Humanoid, Servant, Weak to Enuma Elish",QAAAB,3,3,2,4,C,Anti-Unit,Buster,5.0
189,Nezha,193,4-Star,Lancer,哪吒,"Nata, Nataku",12,1547,9284,1938,12112,11241,14686,Ogura Yui,Aotsuki Takao,Sky,Linear,91.0,12.2%,0.72%,4%,28%,Neutral Good,Female,"Female, Servant, Humanoid, Weak to Enuma ElishEnemy Ver. Traits: Divine",QQABB,4,3,3,4,A,Anti-Army,Buster,3.0
190,Queen of Sheba,194,4-Star,Caster,シバの女王,"Caster of Midrash (ミドラーシュのキャスター?), Bilqis, Makeda",12,1438,8629,1940,12127,10354,14704,Satou Satomi,Katou Itsuwa,Man,Semi Reverse S,51.0,10.8%,0.81%,3%,36%,Neutral Good,Female,"Female, Humanoid, King, Servant, Weak to Enuma Elish",QAABB,4,3,4,5,B,Anti-Unit,Arts,5.0
191,Abigail Williams,195,5-star,Foreigner,アビゲイル・ウィリアムズ,"The Key to the Gate, Sut-Typhon, Yog-Sothoth, All-in-One, One-in-All, Abby",16,1870,12100,2019,13770,13245,15086,Ōwada Hitomi,Kuroboshi Kouhaku,Earth,Semi S,148.0,14.8%,0.25%,3%,7%,Chaotic Evil,Female,"Divine, Female, Humanoid, Servant, Threat to Humanity",QAAAB,4,6,4,5,EX,Anti-Unit,Buster,4.0
192,Ereshkigal,196,5-star,Lancer,エレシュキガル,"The Goddess of the Netherworld, Tohsaka Rin (遠坂凛, Tōsaka Rin?)",16,1598,10343,2356,16065,11322,17600,Ueda Kana,Morii Shizuki,Earth,Semi-S,90.0,11.8%,0.54%,4%,28%,Chaotic Evil,Female,"Divine, Female, Humanoid, King, Pseudo-Servant, Servant, Weak to Enuma Elish",QQABB,4,6,1,4,A,Anti-Mountain,Buster,5.0
193,Attila the San(ta),197,4-Star,Archer,アルテラ・ザ・サン〔タ〕,"Altera Santa, Etzel, Santera",12,1626,9759,1862,11637,11816,14110,Noto Mamiko,huke,Star,Linear,153.0,8.1%,0.59%,3%,27%,Chaotic Good,Female,"Divine, Female, Humanoid, King, Riding, Servant",QQAAB,3,3,3,4,EX,Anti-World,Quick,10.0
194,Katsushika Hokusai,198,5-star,Foreigner,葛飾北斎,"Katsushika Oui (葛飾 応為, Katsushika Ōi?, Daughter); Tokitarō, Toto-sama, Extraterrestrial Octopus, Darusen, The Old Man Mad About Art Swastika (画狂老人卍, Gakyō Rōjin Manji?, Last renamed name), Cthulhu",16,1870,12100,1940,13230,13245,14494,Yukana Nogami,Kuroboshi Kouhaku,Man,S,153.0,15%,0.33%,3%,7%,Chaotic Neutral,Female,"Divine, Female, Humanoid, Servant, Threat to Humanity, Weak to Enuma Elish",QAABB,4,6,4,4,A,Anti-Army,Arts,5.0
195,Semiramis,199,5-star,Assassin,セミラミス,"Empress of Assyria (アッシリアの女帝, Asshiria no Jotei?)Assassin of Red",16,1747,11309,1945,13266,12379,14533,Shindou Kei,Konoe Ototsugu,Earth,S,102.0,24.7%,0.39%,4%,33%,Lawful Evil,Female,"Divine, Female, Humanoid, King, Servant, Weak to Enuma Elish",QAAAB,4,4,4,5,EX,Anti-World,Buster,5.0
196,Asagami Fujino,200,4-Star,Archer,浅上藤乃,Fujinon,12,1716,10299,1764,11025,12470,13368,Noto Mamiko,Takeuchi Takashi,Man,Reverse S,148.0,7.9%,0.59%,3%,27%,Lawful Evil,Female,"Female, Humanoid, Living Human, Pseudo-Servants, Servant",QAABB,3,3,3,5,EX,Anti-World,Buster,3.0
197,Anastasia Nikolaevna Romanova,201,5-star,Caster,アナスタシア・ニコラエヴナ・ロマノヴァ,"Grand Duchess of Russia, Grand Duchess of the Beast Nation (獣国の皇女?)",16,1629,10546,2091,14259,11544,15621,Hara Yumi,sime,Man,S,49.0,10.8%,0.51%,3%,36%,True Neutral,Female,"Female, Humanoid, Servant, Weak to Enuma Elish",QAAAB,4,3,3,5,EX,Spiritual,Arts,4.0
198,Atalanta (Alter),202,4-Star,Berserker,アタランテ〔オルタ〕,-,12,1634,9806,1701,10634,11873,12894,Hayami Saori,Konoe Ototsugu,Earth,Linear,9.0,5.1%,1.05%,5%,45.5%,Chaotic Evil,Female,"Argo-Related, Beast, Female, Humanoid, Servant, Weak to Enuma Elish",QQABB,3,2,3,5,A,Anti-Unit,Quick,5.0
199,Avicebron,203,3-Star,Caster,アヴィケブロン,"Golem Master (ゴーレムマスター, Gōremu Masutā?)Solomon ibn Gabirol, Caster of Black",7,1184,6376,1796,9981,8629,13533,Miyamoto Mitsuru,Konoe Ototsugu,Man,S,50.0,10.7%,0.61%,3%,36%,Lawful Neutral,Male,"Humanoid, Male, Servant, Weak to Enuma Elish",QAAAB,4,2,4,5,A+,Anti-Army,Buster,3.0
200,Antonio Salieri,204,3-Star,Avenger,アントニオ・サリエリ,"Man in Grey, Amadeus Alter",7,1509,8125,1411,7840,10996,10630,Seki Toshihiko,PFALZ,Earth,Linear,30.0,6.1%,0.7%,5%,8%,Chaotic Evil,Male,"Brynhildr's Beloved, Humanoid, Male, Servant, Weak to Enuma Elish",QAABB,3,2,3,5,C,Anti-Army,Arts,3.0
201,Ivan the Terrible,205,5-star,Rider,イヴァン雷帝,Ivan Vasilyevich; Ivan Grozny; Thunderous Emperor; Ivan IV; Ivan the Formidable; Ivan the Fearsome; Grand Prince of Moscow,16,1795,11619,1948,13284,12719,14553,Kuroda Takaya,danciao,Man,Reverse S,200.0,8.9%,0.62%,3%,40%,Lawful Evil,Male,"Beast, Humanoid, King, Male, Riding, Servant, Weak to Enuma Elish",QAABB,4,3,2,4,A+,Anti-Unit,Buster,5.0
202,Achilles,206,5-star,Rider,アキレウス,"The Swift Hero (駿足の英雄, Shunsoku no Eiyū?)Rider of Red, Achilleus",16,1836,11883,1938,13219,13008,14482,Furukawa Makoto,Konoe Ototsugu,Earth,Reverse S,196.0,9.1%,0.57%,3%,40%,Lawful Neutral,Male,"Brynhildr's Beloved, Divine, Greek Mythology Males, Humanoid, Male, Riding, Servant, Weak to Enuma Elish",QQAAB,4,3,2,4,A+,Anti-Army,Quick,5.0
203,Chiron,207,4-Star,Archer,ケイローン,"Great Sage of Centaurs (ケンタウロスの大賢者, Kentaurosu no Dai Kenja?)Archer of Black, Kheiron",12,1549,9294,1960,12250,11253,14853,Takeuchi Shunsuke,Konoe Ototsugu,Sky,Reverse S,148.0,8.1,0.68%,3%,31.5%,Lawful Good,Male,"Argo-Related, Divine, Greek Mythology Males, Humanoid, Male, Servant, Weak to Enuma Elish",QQAAB,3,3,4,5,A,Anti-Unit,Arts,4.0
204,Sieg,208,4-Star,Caster,ジーク,"Homunculus, Detached and Kind Dragon, Evil Dragon Fafnir",12,1399,8394,1806,11288,10163,13686,Hanae Natsuki,Konoe Ototsugu,Man,Linear,50.0,10.8%,0.78%,3%,54%,Neutral Good,Male,"Dragon, Humanoid, Male, Servant, Weak to Enuma Elish",QAABB,3,2,3,4,EX,Anti-Unit (Self),Arts,3.0
205,Okita Sōji (Alter),209,5-star,Alter Ego,沖田総司〔オルタ〕,"Majin Saber (魔神セイバー), Okita Souji (Alter), Majin・Okita Sōji (魔神・沖田総司), Devil Okita Sōji Alternative (魔神・沖田総司オルタナティブ)",16,1926,12465,1862,12696,13645,13909,Yūki Aoi,Takeuchi Takashi,Man,Semi S,99.0,10.2%,0.77%,4%,35%,True Neutral,Female,"Brynhildr's Beloved, Female, Humanoid, Saberface, Servant, Weak to Enuma Elish",QQABB,5,3,3,5,A,Anti-World,Buster,7.0
206,Okada Izō,210,3-Star,Assassin,岡田以蔵,"Manslayer Izō (人斬り以蔵, Hitokiri Izō?), Okada Izou",7,1277,6879,1592,8844,9310,11991,Yoshino Hiroyuki,lack,Man,Semi-Reverse S,97.0,25%,0.79%,4%,55%,Neutral Evil,Male,"Humanoid, Male, Servant, Weak to Enuma Elish",QQAAB,4,2,1,5,-,Anti-Unit Mystic Sword,Arts,4.0
207,Sakamoto Ryōma,211,4-Star,Rider,坂本龍馬,"Hero of Restoration (維新の英雄, Ishin no Eiyū?), Sakamoto Ryouma",12,1425,8555,1900,11880,10358,14404,"Kase Yasuyuki, Horie Yui",pako,Man,Linear,203.0,9%,0.56%,3%,45%,True Neutral,Male,"Brynhildr's Beloved, Divine, Humanoid, Male, Riding, Servant, Weak to Enuma Elish",QAABB,4,3,4,6,EX,Anti-Army,Arts,4.0
208,Napoléon,212,5-star,Archer,ナポレオン,"Man of Possibilities (可能性の男, Kanōsei no Otoko?)Napoléon Bonaparte (ナポレオン・ボナパルト), Napoléon I, Emperor of the French, King of Italy, Nice Guy of Imperishable Flames (消えぬ炎の快男児?)",16,1859,12033,1920,13097,13172,14348,Hino Satoshi,Ryota-H,Star,Linear,150.0,8%,0.59%,3%,45%,Neutral Good,Male,"Brynhildr's Beloved, Humanoid, King, Male, Servant",QAABB,3,3,1,5,A,Anti-Army,Buster,5.0
209,Sigurd,213,5-star,Saber,シグルド,"Siegfried, King of Warriors",16,1926,12465,2049,13975,13645,15310,Tsuda Kenjirō,Miwa Shirō,Earth,S,97.0,10%,0.62%,3%,28%,Neutral Good,Male,"Brynhildr's Beloved, Divine, Dragon, Humanoid, Male, Riding, Servant, Weak to Enuma Elish",QAABB,4,3,2,5,A+,Anti-Fortress,Buster,7.0
210,Valkyrie,214,4-Star,Lancer,ワルキューレ,"Daughters of the Great God (大神の娘たち), ヴァルキリー, Walküre, Walküre Ortlinde, Walküre Hildr, Walküre Thrúd (Þrúðr)",12,1339,8037,2244,14025,9731,17005,"Tanaka Minami, Komatsu Mikako, Amamiya Sora",Takeuchi Takashi,Sky,S,87.0,12%,0.86%,4%,23%,Lawful Good,Female,"Divine, Female, Humanoid, Servant, Weak to Enuma Elish",QQABB,3,2,3,4,B,Anti-Army,Quick,7.0
211,Scáthach-Skaði,215,5-star,Caster,スカサハ＝スカディ,"スカサハ＝スカジ, Scathach=Skadi, Scáthach (Caster), Skadi, Queen of Ice and Snow",16,1661,10753,2112,14406,11771,15782,Noto Mamiko,Koyama Hirokazu,Sky,Linear,49.0,10.8%,0.67%,3%,30%,Chaotic Good,Female,"Divine, Female, Humanoid, King, Servant, Weak to Enuma Elish",QQAAB,4,3,4,5,A+,"Anti-Army, War Declaration",Arts,－
212,Jeanne d'Arc (Archer),216,5-star,Archer,ジャンヌ・ダルク,-,16,1626,10525,2309,15743,11521,17247,Sakamoto Maaya,Takeuchi Takashi,Man,Linear,153.0,8%,0.68%,3%,36%,Lawful Summer,Female,"Female, Humanoid, Saberface, Servant, Weak to Enuma Elish",QAABB,4,2,2,5,A+,Anti-Army,Arts,4.0
213,Ibaraki Dōji (Lancer),217,4-Star,Lancer,茨木童子,"Ibaraki-Douji (Lancer), Banana Oni",12,1522,9133,1976,12354,11058,14979,Touyama Nao,Hidari,Earth,Semi S,90.0,11.7%,1.06%,4%,36%,Chaotic Evil,Female,"Demonic, Female, Humanoid, Servant, Weak to Enuma Elish",QQABB,4,2,4,5,B++,Anti-Barrier / Anti-Army,Buster,3.0
214,Ushiwakamaru (Assassin),218,4-Star,Assassin,牛若丸,Minamoto no Yoshitsune (源義経?),12,1576,9456,1692,10580,11449,12828,Hayami Saori,Sakamoto Mineji,Man,Semi Reverse S,102.0,25.3%,0.54%,4%,38.5%,Neutral Summer,Female,"Brynhildr's Beloved, Female, Humanoid, Riding, Servant, Weak to Enuma Elish",QQQAB,4,4,3,6,B,Anti-Army,Quick,5.0
215,Jeanne d'Arc (Berserker Alter),219,4-Star,Berserker,ジャンヌ・ダルク〔オルタ〕,Summer Jalter,12,1716,10298,1587,9922,12469,12030,Sakamoto Maaya,Takeuchi Takashi,Man,Linear,9.0,5%,0.52%,5%,45.5%,Chaotic Summer,Female,"Female, Humanoid, Saberface, Servant, Weak to Enuma Elish",QABBB,4,4,3,5,A+,Anti-Army,Buster,5.0
216,B B (Summer),220,5-star,Moon Cancer,BB,"BB (Pele), BB-thotep, Nyarlathotep",16,1728,11182,2172,14812,12240,16227,Shitaya Noriko,Wada Arco,Earth,S,52.0,14.8%,0.61%,3%,0.5%,Chaotic Evil,Female,"Divine, Female, Large, Servant, Weak to Enuma ElishEnemy Ver. Traits: Threat to Humanity",QAABB,4,3,5,4,EX,Anti-World,Buster,3.0
217,Medb (Saber),221,4-Star,Saber,女王メイヴ,Queen Medb (Saber),12,1336,8017,2177,13609,9707,16501,Sakura Ayane,Takayama Kisai,Earth,Reverse S,104.0,10%,0.72%,3%,31.5%,Chaotic Evil,Female,"Female, Humanoid, King, Riding, Servant, Weak to Enuma Elish",QAABB,4,2,2,5,A+,Anti-Unit,Arts,6.0
218,Mysterious Heroine XX,222,4-Star,Foreigner,謎のヒロインＸＸ,"MHXX, Mysterious Heroine X (Foreigner)",12,1625,9751,1800,11250,11806,13640,Kawasumi Ayako,BUNBUN,Star,Reverse S,147.0,15%,0.64%,3%,10%,Lawful Good,Female,"Arthur, Brynhildr's Beloved, Dragon, Female, Humanoid, King, Riding, Saberface, Servant",QAABB,4,3,4,4,EX,Anti-Unit,Arts,4.0
219,Diarmuid Ua Duibhne (Saber),223,4-Star,Saber,ディルムッド・オディナ,-,12,1674,10048,1818,11362,12166,13776,Midorikawa Hikaru,Azusa,Earth,Linear,97.0,10.2%,0.73%,3%,31.5%,Lawful Neutral,Male,"Brynhildr's Beloved, Humanoid, Male, Riding, Servant, Weak to Enuma Elish",QQABB,4,3,4,4,B,Anti-Unit,Quick,10.0
220,Sitonai,224,5-star,Alter Ego,シトナイ,"Illyasviel von Einzbern, Freyja, Louhi",16,1803,11668,2048,13965,12772,15299,Kadowaki Mai,BLACK,Sky,Semi Reverse S,102.0,10.2%,0.83%,4%,25%,Chaotic Good,Female,"Divine, Female, Humanoid, Illya, Pseudo-Servant, Servant, Weak to Enuma Elish",QAABB,4,2,3,5,EX,Spirit,Arts,6.0
221,Shuten Dōji (Caster),225,4-Star,Caster,酒呑童子,"Gohou Shoujo Oni-Cure (護法少女・鬼救阿おにきゅあ, Gohō Shōjo Onikyua?)",12,1589,9538,1764,11025,11549,13368,Yūki Aoi,Honjou Raita,Earth,,50.0,11%,0.46%,3%,34.5%,Chaotic Evil,Female,"Demonic, Divine, Dragon, Female, Humanoid, Servant, Weak to Enuma Elish",QAAAB,4,4,2,5,C++,Anti-Unit,Buster,13.0
222,Xiang Yu,226,5-star,Berserker,項羽,"西楚霸王, Xī Chǔ Bà Wáng, Kō U",16,1794,11613,2019,13770,12712,15086,Kouichi Yamadera,danciao,Man,S,9.0,5.1%,0.51%,5%,52%,Lawful Neutral,Male,"Humanoid, Male, Servant, Weak to Enuma Elish.Enemy Ver. Traits: Human",QABBB,6,4,3,5,C,Anti-Army,Quick,5.0
223,Lanling Wang,227,4-Star,Saber,蘭陵王,"Lan Ling Wang, Prince of Lanling, Ran-ryō Ō, Gao Changgong (高长恭?)",12,1518,9112,2020,12625,11033,15308,Mori Nanako,hou,Man,Reverse S,98.0,10.2%,0.65%,3%,31.5%,Lawful Good,Male,"Brynhildr's Beloved, Humanoid, Male, Riding, Servant, Weak to Enuma Elish",QAABB,3,3,2,5,C+,Anti-Army (Encampment),Arts,-
224,Qin Liangyu,228,4-Star,Lancer,秦良玉,Shin Ryō-Gyoku,12,1382,8295,2142,13387,10043,16231,Shitaya Noriko,Shimadoriru,Man,S,91.0,12.1%,0.79%,4%,36%,Lawful Good,Female,"Brynhildr's Beloved, Humanoid, Female, Servant, Weak to Enuma Elish.Enemy Ver. Traits: Human",QQAAB,4,2,3,4,B,Anti-Personnel (Self),Arts,-
225,Shi Huang Di,229,5-star,Ruler,始皇帝,"First Emperor, Qin Shi Huang (秦始皇?), Ying Zheng (嬴政?), Zheng, the King of Qin  (秦王政?), the Son of Heaven",16,1541,9977,2321,15828,10921,17340,Fukuyama Jun,Toh Azuma,Man,Reverse S,100.0,10%,0.47%,3%,23.6%,Lawful Good,Unknown,"Humanoid, King, Servant, Weak to Enuma ElishEnemy Ver. Traits: Human",QAABB,5,4,3,4,B+,Anti-Barrier,Arts,-
226,Yu Miaoyi,230,4-Star,Assassin,虞美人,"Consort Yu, Yu the Beauty, Akuta Hinako (芥ヒナコ?)Crimson Beauty Under the Moon (紅の月下美人?), Gubijin, Gucchan",12,1328,7970,2142,13389,9650,16234,Ise Mariya,toi8,Earth,Reverse S,97.0,24.7%,0.75%,4%,31.6%,Lawful Evil,Female,"Demonic, Humanoid, Female, Servant, Weak to Enuma ElishEnemy Ver. Traits: Human",QQABB,4,4,3,4,C+,Anti-Army,Buster,5.0
227,Red Hare,231,3-Star,Rider,赤兎馬,Sekitoba (セキトバ?),7,1194,6434,1886,10483,8708,14214,Midorikawa Hikaru,Midorikawa Miho,Earth,Semi Reverse S,198.0,9%,0.57%,3%,40%,True Neutral,Male,"Beast, Brynhildr's Beloved, Humanoid, Riding, Servant, Weak to Enuma Elish",QQAAB,4,3,1,5,A,Anti-UnitAnti-Army,Quick,4.0
228,Bradamante,232,5-star,Lancer,ブラダマンテ,"Bradamant, Paladin of the White Feather",16,1674,10833,2300,15682,11858,17180,Morinaga Chitose,saitom,Earth,Linear,88.0,12.1%,0.7%,4%,32%,Lawful Good,Female,"Brynhildr's Beloved, Female, Humanoid, Servant, Weak to Enuma Elish",QQAAB,4,2,4,5,B,Anti-Army,Quick,5.0
229,Quetzalcoatl (Samba/Santa),233,4-Star,Ruler,ケツァル・コアトル〔サンバ／サンタ〕,-,12,1614,9687,1809,11306,11729,13708,Endou Aya,Hiroe Rei,Sky,Reverse S,104.0,10%,0.71%,3%,21%,Lawful Good,Female,"Divine, Female, Humanoid, King, Servant, Weak to Enuma Elish",QQABB,4,3,4,5,A,Anti-Unit,Buster,4.0
230,Beni-enma,234,5-star,Saber,紅閻魔; 舌斬り雀の紅閻魔,Tongue-Cut Sparrow Benienma,16,1793,11607,2047,13960,12706,15294,Kuno Misaki,Harada Takehito,Earth,S,100.0,10.3%,0.56%,3%,24.5%,Lawful Good,Female,"Female, Humanoid, Servant, Weak to Enuma Elish",QAABB,6,3,1,5,A,Anti-Unit,Arts,5.0
231,Li Shuwen,235,5-star,Assassin,李書文,"Royal Guard Chief (衛士長, Ēshi-chō?); Massage Expert (按摩の達人, Anma no Tatsujin?), Security Guard (警備員, Kēbiin?)",16,1772,11470,1843,12568,12556,13769,Yasui Kunihiko,Wada Arco,Man,S,97.0,25.3%,0.99%,4%,55%,Neutral Evil,Male,"Humanoid, Male, Servant, Weak to Enuma ElishEnemy Ver. Traits: Human",QAABB,4,2,1,5,—,Anti-Unit,Arts,1.0
232,Miyu Edelfelt,236,4-Star,Caster,美遊・エーデルフェルト; 朔月美遊,"Sakatsuki Miyu (朔月美遊?), Emiya Miyu (衛宮美遊?), Child of God (神稚児, Kami Chigo?)",12,1438,8629,1920,12005,10448,14556,"Nazuka Kaori, Kakazu Yumi",Hiroyama Hiroshi,Man,S,49.0,10.9%,0.81%,3%,36%,Lawful Good,Female,"Female, Humanoid, Living Human, Pseudo-Servants, Servant, Weak to Enuma Elish",QAAAB,3,2,3,4,EX,Anti-Unit ~ Anti-World,Arts,-
233,Murasaki Shikibu,237,5-star,Caster,紫式部,"Fujiwara no Kaoruko (藤原香子?), Lady Murasaki",16,1757,11374,1882,12833,12451,14059,Kayano Ai,Honjou Raita,Man,S,51.0,10.7%,0.45%,3%,42%,Neutral Good,Female,"Humanoid, Female, Servant, Weak to Enuma Elish",QQAAB,4,4,4,5,C,Poetry,Arts,6.0
234,Kingprotea,238,5-star,Alter Ego,キングプロテア,"Alter Ego G, Tiamat",16,1983,12835,1956,13338,14050,14612,Han Megumi,Wada Arco,Earth,Reverse S,100.0,10.2%,0.56%,4%,45%,Lawful Good,Female,"Divine, Female, Humanoid, Large, Servants, Weak to Enuma Elish",QAABB,3,3,1,6,E,Anti-Unit,Buster,5.0
235,Kama,239,5-star,Assassin,カーマ,"Kamadeva (カーマデーヴァ?), Matou Sakura (間桐桜, Matō Sakura?), Beast III/L",16,1781,11528,1890,12889,12619,14120,Shitaya Noriko,ReDrop,Sky,Semi S,100.0,25%,0.74%,4%,31.6%,Chaotic Evil,Female,"Divine, Female, Humanoid, Pseudo-Servant, Riding, Servant, Weak to Enuma Elish",QQABB,4,3,4,5,C,Anti-Unit,Quick,10.0
236,Sima Yi (Reines),241,5-star,Rider,司馬懿〔ライネス〕,"Reines El-Melloi Archisorte (ライネス・エルメロイ・アーチゾルテ?), Sima Zhongda",16,1766,11427,1986,13543,12509,14837,Minase Inori,Sakamoto Mineji,Man,Linear,205.0,8.9%,0.64%,3%,30%,True Neutral,Female,"Female, Humanoid, Living Human, Pseudo-Servant, Riding, Servant, Weak to Enuma Elish",QQAAB,3,4,4,5,B++,Anti-Formation,Arts,-
237,Astraea,242,4-Star,Ruler,アストライア,"Luviagelita Edelfelt (ルヴィアゼリッタ・エーデルフェルト?), Lady Justice",12,1622,9734,1845,11531,11786,13981,Itō Shizuka,Toh Azuma,Sky,Semi Reverse S,100.0,9.9%,0.43%,3%,17.5%,Lawful Good,Female,"Divine, Female, Humanoid, Living Human, Pseudo-Servant, Roman, Servants, Weak to Enuma Elish",QAABB,3,4,1,5,A+,Anti-Evil,Arts,8.0
238,Gray,243,4-Star,Assassin,グレイ,-,12,1576,9456,1692,10580,11449,12828,"Ueda Reina, Ono Daisuke",Sakamoto Mineji,Man,S,99.0,25%,0.71%,4%,44%,Lawful Good,Female,"Female, Humanoid, Living Human, Pseudo-Servants, Saberface, Servants, Weak to Enuma Elish",QQQAB,3,3,2,5,A+,Anti-Fortress,Buster,4.0
239,Great Statue God,244,5-star,Moon Cancer,大いなる石像神; ジナコ＝カリギリ,"Ganesha (ガネーシャ?), Jinako Carigiri",16,1416,9166,2617,17844,10034,19549,Yūki Aoi,Wada Arco,Sky,S,51.0,14.5%,0.35%,3%,0.7%,Lawful Good,Female,"Divine, Female, Humanoid, Living Human, Pseudo-Servant, Riding, Servant, Weak to Enuma Elish",QAAAB,4,4,4,5,C,Anti-Unit,Arts,3.0
240,Lakshmibai,245,4-Star,Saber,ラクシュミー・バーイー,"Rani of Jhansi, Jeanne d'Arc of India",12,1658,9949,1818,11362,12046,13776,Rina Satou,Takeuchi Takashi,Man,Reverse S,96.0,10%,1.01%,3%,28%,Lawful Good,Female,"Divine, Female, Humanoid, Riding, Saberface, Servant, Weak to Enuma Elish",QQABB,3,2,4,5,B,Anti-Army,Quick,4.0
241,William Tell,246,3-Star,Archer,ウィリアム・テル,"Wilhelm Tell, Guillermo Tell",7,1371,7384,1675,9310,9993,12623,Hayato Fujii,Takahashi Keitarō,Man,Semi S,148.0,8%,0.66%,3%,45%,Lawful Good,Male,"Brynhildr's Beloved, Humanoid, Male, Servant, Weak to Enuma ElishEnemy Ver. Traits: Divine",QAABB,3,3,3,5,C,Anti-Unit,Arts,3.0
242,Arjuna (Alter),247,5-star,Berserker,アルジュナ〔オルタ〕,"Deified Arjuna (神たるアルジュナ?), The Final Dark God (黒き最後の神?)",16,1803,11669,2029,13837,12773,15159,Shimazaki Nobunaga,pako,Sky,Reverse S,9.0,5.1%,0.98%,5%,35.7%,Lawful Good & Evil,Male,"Divine, Humanoid, Male, Servant, Weak to Enuma Elish",QABBB,4,2,4,4,EX,Anti-World,Buster,5.0
243,Aśvatthāman,248,4-Star,Archer,アシュヴァッターマン,"Aśvatthāmā, Ashwatthama",12,1708,10249,1799,11245,12409,13634,Tatsuhisa Suzuki,pako,Sky,Linear,153.0,8.1%,0.58%,3%,31.5%,Chaotic Neutral,Male,"Brynhildr's Beloved, Divine, Humanoid, Male, Servant, Weak to Enuma Elish",QQABB,4,4,5,4,A+,Anti-Army,Buster,5.0
244,Asclepius,249,3-Star,Caster,アスクレピオス,"God of Medicine, Hepius",7,1184,6376,1815,10084,8629,13672,Suzuki Ryouta,Taho,Earth,Linear,49.0,11%,0.81%,3%,36%,True Neutral,Male,"Argo-Related, Brynhildr's Beloved, Divine, Greek Mythology Males, Humanoid, Male, Servant, Weak to Enuma Elish",QAAAB,4,2,2,4,B,Anti-Unit,Arts,－
245,Demon King Nobunaga,250,5-star,Avenger,織田信長; 織田吉法師; 魔王信長,"Oda Nobunaga (Avenger), Oda Kippōshi, Maou Nobunaga",16,1953,12641,1724,11761,13838,12885,Kugimiya Rie,pako,Earth,S,30.0,5.9%,0.49%,5%,7%,Chaotic Neutral,Unknown,"Humanoid, King, Servant, Weak to Enuma Elish",QABBB,4,4,6,5,A-,Anti-Divine,Buster,6.0
246,Mori Nagayoshi,251,3-Star,Berserker,森長可,"Demon Musashi (鬼武蔵, Oni Musashi?), Mori-kun",7,1436,7732,1443,8019,10464,11510,Taniyama Kishou,Dd,Man,Linear,9.0,4.9%,0.5%,5%,65%,Chaotic Insane,Male,"Male, Humanoid, Servant, Weak to Enuma Elish",QAABB,3,3,2,5,C,Anti-Unit,Buster,5.0
247,Nagao Kagetora,252,4-Star,Lancer,長尾景虎,"Uesugi Kenshin (上杉謙信?), Dragon of Echigo (越後の龍?), Lancer of Eight Flowers (八華のランサー?)",12,1602,9617,1817,11360,11644,13774,Mizuki Nana,Takeuchi Takashi,Man,Reverse S,89.0,12.2%,0.45%,4%,35%,Lawful Good,Female,"Divine, Female, Humanoid, Riding, Servant, Weak to Enuma Elish",QAABB,5,4,2,5,B,Anti-UnitAnti-Army,Arts,8.0
248,Leonardo Da Vinci (Rider),253,5-star,Rider,レオナルド・ダ・ヴィンチ,"Loli Vinci, Gran Cavallo",16,1681,10883,2069,14112,11913,15460,Sakamoto Maaya,Simosi,Man,S,205.0,9%,0.49%,3%,30%,Lawful Good,Female,"Female, Humanoid, Riding, Servant",QAABB,4,4,2,4,B,Anti-Barrier,Arts,3.0
249,Jason,254,1-Star,Saber,イアソン,"Hero Scout, Aeson",3,992,5457,1515,7575,8479,11677,Hoshi Soichirou,BLACK,Earth,Semi Reverse S,102.0,10%,0.37%,3%,31.5%,Lawful Good,Male,"Argo-Related, Brynhildr's Beloved, Greek Mythology Males, Humanoid, Male, Riding, Servant, Weak to Enuma Elish",QAABB,3,4,1,4,B++,Anti-Army,Arts,5.0
250,Paris,255,2-Star,Archer,パリス,-,4,1157,6523,1474,7834,9452,11306,Terasaki Yuka,Rin Kususaga,Earth,Semi Reverse S,153.0,8%,0.43%,3%,30.3%,True Neutral,Male,"Argo-Related, Brynhildr's Beloved, Greek Mythology Males, Humanoid, Male, Servant, Weak to Enuma Elish",QQAAB,3,4,3,4,A,Anti-Unit,Quick,5.0
251,Gareth,256,2-Star,Lancer,ガレス,-,4,960,5413,1795,9537,7844,13764,Kuwahara Yuuki,Nekotawawa,Earth,Semi S,88.0,12.1%,0.71%,4%,36.0%,Lawful Good,Female,"Brynhildr's Beloved, Female, Humanoid, Riding, Servant, Weak to Enuma Elish",QQABB,4,3,1,5,C++,Anti-Unit,Buster,8.0
252,Bartholomew Roberts,257,1-Star,Rider,バーソロミュー・ロバーツ,"Black Bart, Salazar (A Study in the Dubious Meiho-sou Event)",3,993,5461,1344,6720,8485,10359,Chiaki Kobayashi,Mata,Man,Linear,200.0,8.9%,0.65%,3%,45%,Chaotic Evil,Male,"Brynhildr's Beloved, Humanoid, Male, Riding, Servant, Weak to Enuma Elish",QQAAB,3,2,2,4,C+~B+,Anti-Army,Quick,6.0
253,Chen Gong,258,2-Star,Caster,陳宮,"Chén gōng, 公臺, Gongtai, Chinkyū",4,1085,6119,1459,7755,8867,11192,Madono Mitsuaki,Wada Arco,Man,Semi-Reverse S,49.0,11%,0.4%,3%,42.%,Chaotic Good,Male,"Male, Humanoid, Servant, Weak to Enuma Elish",QAAAB,3,4,1,4,C,Anti-Army,Arts,4.0
254,Charlotte Corday,259,1-Star,Assassin,シャルロット・コルデー,"Angel of Assassination (暗殺の天使, Ansatsu no Tenshi?), Marie-Anne Charlotte Corday d'Armont",3,997,5488,1244,6220,8528,9588,Horie Yui,Aotsuki Takao,Man,Reverse S,100.0,24.7%,0.52%,4%,55%,Neutral Good,Female,"Female, Humanoid, Servant, Weak to Enuma Elish",QQAAB,3,3,1,5,C,Anti-Unit,Arts,1.0
255,Salome,260,2-Star,Berserker,サロメ,Salomé,4,1221,6884,1296,6885,9975,9936,Bridcutt Sarah Emi,Simosi,Earth,Semi Reverse S,9.0,5.0%,0.51%,5%,58.5%,Chaotic Evil,Female,"Female, Humanoid, Servant, Weak to Enuma Elish",QAABB,4,3,3,4,B,Anti-Unit,Arts,3.0
256,Miyamoto Musashi (Berserker),261,5-star,Berserker,宮本武蔵; 新免武蔵守藤原玄信,Shinmen Musashi no Kami Fujiwara no HarunobuMiyamoto Iori (宮本伊織),16,1964,12712,1782,12150,13915,13311,Sakura Ayane,Koyama Hirokazu,Man,Semi S,9.0,5%,0.51%,5%,52%,Chaotic Good,Female,"Divine, Female, Humanoid, Riding, Servant, Weak to Enuma Elish",QAABB,4,3,4,5,EX,Anti-Unit,Arts,4.0
257,Osakabehime (Archer),262,4-Star,Archer,刑部姫,Okki,12,1482,8895,1996,12476,10770,15127,Fukuen Misato,Moriyama Daisuke,Earth,S,153.0,8%,0.62%,3%,27%,Neutral Summer,Female,"Divine, Female, Humanoid, Servant, Weak to Enuma Elish",QAAAB,4,3,3,5,EX,Anti-Army (One Large Platoon),Buster,4.0
258,Carmilla (Rider),263,4-Star,Rider,カーミラ,Mistress・C,12,1608,9651,1676,10476,11685,12702,Tanaka Atsuko,okojo,Earth,Reverse S,200.0,9.1%,0.52%,3%,45%,Neutral Evil,Female,"Female, Humanoid, Servant, Weak to Enuma Elish",QQAAB,4,4,3,4,B,Anti-UnitAnti-Army,Quick,4.0
259,Katsushika Hokusai (Saber),264,4-Star,Saber,葛飾北斎,"Katsushika Oui (葛飾 応為, Katsushika Ōi?, Daughter); Tokitarō, Dragon-Crested Octopus, Darusen, The Old Man Mad About Art Swastika (画狂老人卍, Gakyō Rōjin Manji?, Last renamed name)",12,1564,9389,1899,11873,11368,14396,Yukana Nogami,Kuroboshi Kouhaku,Man,Semi Reverse S,99.0,10%,0.46%,3%,28.8%,Chaotic Good,Female,"Divine, Female, Humanoid, Servant, Threat to Humanity, Weak to Enuma Elish",QQAAB,4,4,4,5,B,Anti-Unit,Arts,8.0
260,Artoria Pendragon (Ruler),265,5-star,Ruler,アルトリア･ペンドラゴン〔ルーラー〕,-,16,1482,9593,2480,16912,10501,18528,Kawasumi Ayako,Ishida Akira,Sky,Linear,100.0,10.0%,0.57%,3%,21.0%,Lawful Summer,Female,"Arthur, Dragon, Female, King, Humanoid, Saberface, Servant, Weak to Enuma Elish",QQABB,4,4,3,5,A+,Anti-Fortress,Buster,4.0
261,Mysterious Alter Ego Λ,266,4-Star,Lancer,謎のアルターエゴ・Λ; ラムダリリス,"Mysterious Alter Ego Lambda, Lambdalilith, Lambdaryllis, Meltlilith (Lancer), Meltryllis (Lancer), Leviathan, Cruel Swim Tutu",12,1543,9261,1879,11749,11213,14246,Hayami Saori,Wada Arco,Earth,Linear,91.0,12.1%,0.76%,4%,28%,Lawful Good,Female,"Demonic, Divine, Dragon, Female, Humanoid, Riding, Servant, Weak to Enuma Elish",QQAAB,4,2,3,5,B+,Anti-Unit,Arts,3.0
262,Okita J Sōji,267,4-Star,Assassin,"オキタ・Ｊ・ソウジ, 沖田総司","Okita Jet Sōji, Okita Sōji (Assassin)",12,1556,9337,1658,10366,11305,12569,Yūki Aoi,Takeuchi Takashi,Man,Reverse S,99.0,25.3%,0.92%,4%,49.5%,Neutral Summer,Female,"Female, Humanoid, Saberface, Servant, Weak to Enuma Elish",QQQAB,5,3,1,5,C,Anti-Army,Quick,3.0
263,Space Ishtar,268,5-star,Avenger,スペース・イシュタル,"Ishtar, Astarte, Astaroth",16,1949,12612,1912,13041,13806,14287,Ueda Kana,Morii Shizuki,Star,S,29.0,6%,0.69%,5%,5%,Lawful Evil,Female,"Divine, Female, Humanoid, Servant",QAABB,4,2,3,5,EX,Anti-Star,Arts,3.0
264,Calamity Jane,269,4-Star,Archer,カラミティ・ジェーン,"Martha Jane Canary, Martha Jane Cannary",12,1499,8996,1999,12495,10892,15150,Touyama Nao,B-suke,Man,Linear,153.0,8%,0.71%,3%,40.5%,Chaotic Neutral,Female,"Brynhildr's Beloved, Female, Humanoid, Riding, Servant, Weak to Enuma Elish",QQAAB,3,3,2,4,D,Anti-Unit,Quick,5.0
265,Astolfo (Saber),270,5-star,Saber,アストルフォ,"Knight of Evaporated Sanity (理性蒸発の騎士, Risei Jōhatsu no Kishi?), Sailor Paladin",16,1807,11694,2089,14248,12801,15609,Ookubo Rumi,Konoe Ototsugu,Earth,Reverse S,103.0,10.1%,0.52%,3%,24.5%,Chaotic Good,Unknown,"Humanoid, Riding, Servant, Weak to Enuma Elish",QQAAB,3,3,4,7,B,Anti-Unit,Quick,9.0
266,Nightingale (Santa),271,4-Star,Archer,ナイチンゲール,"Angel of Crimea (クリミアの天使, Kurimia no Tenshi?)Florence Nightingale (フローレンス・ナイチンゲール), Mercédès, The White Cloth of Steel, The Lady with the Lamp.",12,1643,9858,1772,11080,11936,13434,Sawashiro Miyuki,Takahashi Keitarō,Man,Linear,153.0,8%,0.6%,3%,39.3%,Lawful Good,Female,"Female, Humanoid, Servant, Weak to Enuma Elish",QQAAB,4,3,3,5,B,Anti-Army,Quick,6.0
267,Super Orion,272,5-star,Archer,超人オリオン,"Orion, Superhuman Orion",16,1940,12557,1979,13494,13746,14783,Canna Nobutoshi,I-IV,Earth,Semi Reverse S,153.0,8%,0.96%,3%,36%,Chaotic Neutral,Male,"Brynhildr's Beloved, Divine, Greek Mythology Males, Humanoid, Male, Servant, Weak to Enuma Elish",QABBB,3,3,1,5,B,Anti-Army (Self),Arts,-
268,Mandricardo,273,3-Star,Rider,マンドリカルド,-,7,1254,6756,1728,9600,9143,13016,Masuda Toshiki,Ginka,Man,S,200.0,9%,0.86%,3%,40%,True Neutral,Male,"Brynhildr's Beloved, Humanoid, King, Male, Riding, Servant, Weak to Enuma Elish",QQAAB,3,2,1,4,A,Anti-Unit,Arts,4.0
269,Europa,274,5-star,Rider,エウロペ,Europe,16,1813,11737,1843,12571,12848,13219,M・A・O,redjuice,Sky,Linear,205.0,8.9%,0.58%,3%,35%,Neutral Good,Female,"Divine, Female, Humanoid, Riding, Weak to Enuma Elish",QAABB,3,3,1,5,A,Anti-Army,Buster,4.0
270,Yang Guifei,275,5-star,Foreigner,楊貴妃,"Yang Yuhuan (楊玉環ヤン・ユーファン?), Cthugha, Youkihi",16,1907,12342,1960,13365,13510,14642,Haruka Yoshimura,Kuroboshi Kouhaku,Man,Linear,147.0,15%,0.51%,3%,6%,Chaotic Good,Female,"Divine, Female, Humanoid, Servant, Threat to Humanity, Weak to Enuma Elish",QQAAB,4,4,3,4,B+,Anti-Unit,Arts,4.0
271,Sei Shōnagon,276,5-star,Archer,清少納言,"Sparkling Archer (キラキラのアーチャー?), Nagiko(諾子)",16,1888,12218,1901,12965,13374,14204,Ai Fairouz,Mika Pikazo,Man,Semi S,153.0,8%,0.57%,3%,36%,Chaotic Good,Female,"Female, Humanoid, Servant, Weak to Enuma Elish",QQAAB,4,3,2,5,D++,Poetry,Quick,4.0
272,Odysseus,277,5-star,Rider,オデュッセウス,"Ulysses, Vlixes",16,1822,11795,1948,13284,12911,14553,Takuya Kirimoto,redjuice,Earth,Reverse S,208.0,8.9%,0.58%,3%,33.7%,Neutral Good,Male,"Brynhildr's Beloved, Greek Mythology Males, Humanoid, King, Male, Riding, Servant, Weak to Enuma Elish",QQAAB,4,4,3,5,B++,Anti-Country,Arts,3.0
273,Dioscuri,278,5-star,Saber,ディオスクロイ,"Dioskouroi, the Gemini Twins, Castor & Pollux",16,1829,11840,2174,14824,12961,16240,"Uchida Yuuma, Uchida Maaya",Taiki,Sky,Semi Reverse S,99.0,10%,0.51%,3%,28%,Chaotic Neutral,Unknown,"Argo-Related, Brynhildr's Beloved, Divine, Humanoid, Riding, Servant, Weak to Enuma Elish",QQAAB,5,4,2,5,B,Anti-Unit,Arts,8.0
274,Caenis,279,4-Star,Lancer,カイニス,"Caeneus, Poseidon's Proxy, Golden Caenis",12,1649,9896,1845,11532,11982,13982,Komatsu Mikako,Azusa,Earth,Linear,90.0,12.2%,0.86%,4%,36%,Neutral Evil,Unknown,"Argo-Related, Brynhildr's Beloved, Divine, Humanoid, King, Servant, Weak to Enuma Elish",QQABB,3,3,3,5,A,Anti-Army,Buster,3.0
275,Romulus-Quirinus,280,5-star,Lancer,ロムルス＝クィリヌス,"Romulus, Quirinus, Janus Quirinus, The Divine Ancestor, King of Nation Building, Roma",16,1896,12273,1999,13632,13435,14934,Okiayu Ryoutarou,Koyama Hirokazu,Sky,Semi Reverse S,93.0,12.2%,0.59%,4%,26%,Chaotic Neutral,Unknown,"Divine, Humanoid, Roman, Servant, Weak to Enuma Elish",QAABB,4,3,3,5,EX,Anti-Star,Buster,5.0
276,Voyager,281,5-star,Foreigner,ボイジャー,"Voyager 1, Little Prince, Pran",16,1615,10450,2286,15592,11439,17082,Iguchi Yuka,NOCO,Star,Linear,153.0,15.1%,0.56%,3%,7%,Neutral Good,Male,"Humanoid, Male, Servant",QQAAB,3,3,3,5,B,Anti-Planet,Quick,5.0
277,Kijyo Kōyō,282,4-Star,Berserker,鬼女紅葉,Momiji (紅葉?),12,1529,9177,1800,11250,11111,13640,Hikasa Yōko,NOCO,Earth,Semi Reverse S,9.0,4.9%,0.85%,5%,45.5%,Neutral Evil,Female,"Demonic, Dragon, Female, Humanoid, Servant, Weak to Enuma Elish",QABBB,3,3,3,5,C,Anti-Unit,Buster,10.0
278,Utsumi Erice,283,4-Star,Lancer,宇津見エリセ,Grim Reaper,12,1520,9122,1918,11991,11045,14539,Kitō Akari,NOCO,Man,Semi S,87.0,12%,0.63%,4%,32%,Lawful Neutral,Female,"Divine, Female, Humanoid, Living Human, Riding, Servant, Weak to Enuma Elish",QQAAB,4,3,3,5,B,Anti-Army,Arts,3.0
